passenger_sk,passenger_id,age,age_band,gender,masked_name,masked_email,masked_phone,is_minor
PSG_f361ebce0c909065,P1000,52,46-60,F,Vivaan C.,v***e@gmail.com,+91-XXXXXX3790,False
PSG_2bd876c5fb9b3802,P1001,15,0-17,M,Krishna R.,k***y@hotmail.com,+91-XXXXXX2297,True
PSG_a2b2b62b012d4d29,P1002,72,60+,M,Myra N.,m***u@outlook.com,+91-XXXXXX5092,False
PSG_8511ccf3a39a3f0d,P1003,61,60+,F,Myra M.,m***a@hotmail.com,+91-XXXXXX7151,False
PSG_12b36fbcfb2dcb90,P1004,21,18-30,M,Saanvi B.,s***e@outlook.com,+91-XXXXXX5113,False
PSG_7c42f75c383b86f9,P1005,83,60+,M,Reyansh J.,r***i@gmail.com,+91-XXXXXX3818,False
PSG_341f489540bc9870,P1006,87,60+,M,Kavya N.,k***r@yahoo.com,+91-XXXXXX5830,False
PSG_8f1a10caabefda55,P1007,75,60+,M,Sara J.,s***i@gmail.com,+91-XXXXXX2119,False
PSG_b0ae5549b0aa10ff,P1008,75,60+,M,Kavya P.,k***i@gmail.com,+91-XXXXXX6600,False
PSG_990520c5234a47db,P1009,88,60+,M,Sai K.,s***i@hotmail.com,+91-XXXXXX9919,False
PSG_9d8a273460088f23,P1010,24,18-30,M,Sai A.,s***l@yahoo.com,+91-XXXXXX9690,False
PSG_8a58eaeddb83c129,P1011,3,0-17,M,Sara N.,s***u@yahoo.com,+91-XXXXXX4718,True
PSG_1a9e9127a40437b1,P1012,22,18-30,M,Arjun P.,a***l@yahoo.com,+91-XXXXXX8245,False
PSG_0fd7da9e6a3d9521,P1013,53,46-60,M,Sara I.,s***r@hotmail.com,+91-XXXXXX6298,False
PSG_da60e9cdfbfc48c5,P1014,2,0-17,F,Anika B.,a***e@outlook.com,+91-XXXXXX2705,True
PSG_608b9554fa432e18,P1015,88,60+,F,Aadhya V.,a***a@gmail.com,+91-XXXXXX0141,False
PSG_b066bc679e0e70ee,P1016,30,18-30,M,Vivaan N.,v***u@rediffmail.com,+91-XXXXXX0826,False
PSG_650d116fe0f6c5b6,P1017,38,31-45,F,Reyansh C.,r***e@rediffmail.com,+91-XXXXXX3976,False
PSG_fda1f33bae5427d5,P1018,2,0-17,F,Ira G.,i***h@hotmail.com,+91-XXXXXX9320,True
PSG_b3fd1359551efacd,P1019,64,60+,M,Diya P.,d***l@gmail.com,+91-XXXXXX0329,False
PSG_a18091875c24eb75,P1020,60,46-60,M,Ananya K.,a***n@yahoo.com,+91-XXXXXX6828,False
PSG_90b61695047e4054,P1021,21,18-30,M,Kavya N.,k***u@yahoo.com,+91-XXXXXX3494,False
PSG_13939c960bbf1fa0,P1022,33,31-45,F,Shaurya J.,s***i@outlook.com,+91-XXXXXX5277,False
PSG_404c38145bf89156,P1023,76,60+,F,Aditya P.,a***l@hotmail.com,+91-XXXXXX9973,False
PSG_35092ec113702b4a,P1024,58,46-60,M,Vivaan S.,v***a@yahoo.com,+91-XXXXXX4941,False
PSG_0780df8c368d64e5,P1025,22,18-30,M,Aarav C.,a***e@yahoo.com,+91-XXXXXX2872,False
PSG_49fa250b80ee77cf,P1026,89,60+,M,Ira G.,i***1@hotmail.com,+91-XXXXXX5852,False
PSG_a0c43ea5293b512c,P1027,49,46-60,F,Reyansh B.,r***e@gmail.com,+91-XXXXXX6699,False
PSG_3eb3041c85af322d,P1028,59,46-60,F,Aadhya M.,a***a@gmail.com,+91-XXXXXX8647,False
PSG_5828ff4c48ebfe2c,P1029,42,31-45,F,Diya G.,d***h@rediffmail.com,+91-XXXXXX3245,False
PSG_bf6f9a6625797ea4,P1030,60,46-60,F,Aditya K.,a***i@gmail.com,+91-XXXXXX2378,False
PSG_a1843b863b5aa25d,P1031,80,60+,M,Shaurya P.,s***l@gmail.com,+91-XXXXXX2643,False
PSG_60042565332d5ebe,P1032,15,0-17,M,Kavya G.,k***a@rediffmail.com,+91-XXXXXX9918,True
PSG_edfbd3d8cfe40501,P1033,62,60+,M,Aadhya K.,a***i@hotmail.com,+91-XXXXXX4498,False
PSG_d057c75f75ffebb4,P1034,62,60+,M,Ishaan I.,i***r@gmail.com,+91-XXXXXX0083,False
PSG_6f17cc6a743b5f61,P1035,47,46-60,F,Vivaan G.,v***h@hotmail.com,+91-XXXXXX2414,False
PSG_ef83d0b1eee9a4e2,P1036,62,60+,F,Riya R.,r***y@rediffmail.com,+91-XXXXXX7896,False
PSG_4d4e9c700314aab4,P1037,51,46-60,M,Muhammad G.,m***h@rediffmail.com,+91-XXXXXX8772,False
PSG_715a2f40782243a2,P1038,55,46-60,M,Ira P.,i***l@yahoo.com,+91-XXXXXX8741,False
PSG_90c70c4d0bf534a6,P1039,64,60+,F,Shaurya A.,s***l@hotmail.com,+91-XXXXXX1542,False
PSG_131982f15395de4a,P1040,3,0-17,M,Muhammad J.,m***i@hotmail.com,+91-XXXXXX3128,True
PSG_c03fae797ba9082d,P1041,51,46-60,F,Shaurya G.,s***a@hotmail.com,+91-XXXXXX0848,False
PSG_2a7239c6a40ec7ed,P1042,7,0-17,M,Arjun K.,a***i@hotmail.com,+91-XXXXXX3124,True
PSG_ed04eadfae5932ab,P1043,21,18-30,M,Arjun R.,a***y@hotmail.com,+91-XXXXXX6217,False
PSG_efe03f213f00e2cc,P1044,73,60+,M,Sai I.,s***r@yahoo.com,+91-XXXXXX1644,False
PSG_a049a8ad9b91a13a,P1045,39,31-45,M,Kavya R.,k***y@yahoo.com,+91-XXXXXX3159,False
PSG_7dae7847f411938d,P1046,18,18-30,M,Saanvi S.,s***a@yahoo.com,+91-XXXXXX8191,False
PSG_6ee2fe119743da8b,P1047,4,0-17,M,Ishaan C.,i***e@rediffmail.com,+91-XXXXXX9872,True
PSG_146fd7ec8587c6a2,P1048,89,60+,M,Sai M.,s***a@gmail.com,+91-XXXXXX5636,False
PSG_1ce85e1c812c264c,P1049,60,46-60,F,Aadhya J.,a***i@rediffmail.com,+91-XXXXXX0490,False
PSG_623771ac78313366,P1050,14,0-17,F,Aarav D.,a***s@yahoo.com,+91-XXXXXX5622,True
PSG_8db9321ae9159d68,P1051,9,0-17,F,Aadhya C.,a***e@outlook.com,+91-XXXXXX9494,True
PSG_6e68557d9e41e1f0,P1052,53,46-60,F,Sai K.,s***n@gmail.com,+91-XXXXXX2365,False
PSG_c9e6ceafab87c99d,P1053,2,0-17,F,Myra B.,m***e@gmail.com,+91-XXXXXX5719,True
PSG_e3d08c7c3243533b,P1054,84,60+,M,Muhammad P.,m***l@rediffmail.com,+91-XXXXXX9821,False
PSG_2cb68a8b9b62dfeb,P1055,60,46-60,M,Ishaan C.,i***e@gmail.com,+91-XXXXXX1200,False
PSG_717818e486002c9e,P1056,71,60+,F,Saanvi D.,s***s@rediffmail.com,+91-XXXXXX3628,False
PSG_99e2e7edb2cd6c97,P1057,44,31-45,M,Ishaan G.,i***a@outlook.com,+91-XXXXXX5437,False
PSG_e99de47c92f9ce3d,P1058,8,0-17,F,Diya M.,d***a@yahoo.com,+91-XXXXXX6368,True
PSG_516974174599c629,P1059,47,46-60,F,Ishaan B.,i***e@outlook.com,+91-XXXXXX3112,False
PSG_d48465d997d55198,P1060,35,31-45,M,Riya S.,r***h@yahoo.com,+91-XXXXXX5930,False
PSG_9a775ffb200afa5a,P1061,78,60+,M,Sai G.,s***h@hotmail.com,+91-XXXXXX9358,False
PSG_5219194e076ba301,P1062,81,60+,M,Aarav S.,a***h@rediffmail.com,+91-XXXXXX2051,False
PSG_a984cf704d458bd9,P1063,36,31-45,F,Shaurya M.,s***a@gmail.com,+91-XXXXXX7084,False
PSG_b14909f583a1e480,P1064,50,46-60,M,Kavya K.,k***i@yahoo.com,+91-XXXXXX0204,False
PSG_ee1f38e4c979640a,P1065,4,0-17,F,Ishaan K.,i***i@hotmail.com,+91-XXXXXX5206,True
PSG_e55f88e528d61491,P1066,2,0-17,F,Riya S.,r***h@outlook.com,+91-XXXXXX6046,True
PSG_0822445cdfd921c2,P1067,6,0-17,F,Reyansh P.,r***i@hotmail.com,+91-XXXXXX4047,True
PSG_0296b966e95c1483,P1068,54,46-60,M,Sai B.,s***e@yahoo.com,+91-XXXXXX5500,False
PSG_1ab8d191172013c9,P1069,4,0-17,M,Krishna N.,k***r@yahoo.com,+91-XXXXXX9401,True
PSG_d810b6795856b18d,P1070,54,46-60,F,Ira S.,i***a@outlook.com,+91-XXXXXX0232,False
PSG_e8a14178f4f55f65,P1071,63,60+,M,Saanvi G.,s***h@gmail.com,+91-XXXXXX8977,False
PSG_72b1859097a1598e,P1072,18,18-30,M,Krishna B.,k***e@yahoo.com,+91-XXXXXX7037,False
PSG_fde23c293ef16533,P1073,44,31-45,M,Ananya P.,a***i@outlook.com,+91-XXXXXX5165,False
PSG_dd4cd2e3c8aff8e2,P1074,34,31-45,F,Riya P.,r***l@hotmail.com,+91-XXXXXX9588,False
PSG_55eeacb645fb63be,P1075,74,60+,F,Krishna K.,k***n@yahoo.com,+91-XXXXXX5235,False
PSG_72595b6751f0c474,P1076,62,60+,M,Kavya J.,k***i@hotmail.com,+91-XXXXXX1998,False
PSG_7ac14deb6adf7e5f,P1077,14,0-17,F,Myra S.,m***h@hotmail.com,+91-XXXXXX9409,True
PSG_cd1079b634e62e29,P1078,48,46-60,M,Reyansh R.,r***y@yahoo.com,+91-XXXXXX5806,False
PSG_d171dd89ae25c9bc,P1079,15,0-17,M,Diya M.,d***a@hotmail.com,+91-XXXXXX4080,True
PSG_6362e8d7e853631e,P1080,72,60+,M,Shaurya C.,s***e@rediffmail.com,+91-XXXXXX1867,False
PSG_ca17b6685d38dc4b,P1081,78,60+,M,Kavya G.,k***h@rediffmail.com,+91-XXXXXX3943,False
PSG_480ddb08bde2dc7e,P1082,87,60+,F,Sai J.,s***i@gmail.com,+91-XXXXXX5504,False
PSG_da24c296e857b990,P1083,62,60+,F,Arjun B.,a***e@outlook.com,+91-XXXXXX0285,False
PSG_4372da3ae00947af,P1084,40,31-45,F,Aditya P.,a***1@hotmail.com,+91-XXXXXX5666,False
PSG_7ee3cb94c0fb0234,P1085,85,60+,M,Diya N.,d***u@hotmail.com,+91-XXXXXX8399,False
PSG_693b090b1a2b488b,P1086,80,60+,M,Vivaan C.,v***1@gmail.com,+91-XXXXXX0915,False
PSG_a231f3eb1f7f3819,P1087,82,60+,M,Vivaan S.,v***1@yahoo.com,+91-XXXXXX1488,False
PSG_ecdebb1dfcbb259c,P1088,53,46-60,F,Ira C.,i***e@outlook.com,+91-XXXXXX1920,False
PSG_9f026c3e09aa301f,P1089,24,18-30,M,Ishaan M.,i***a@gmail.com,+91-XXXXXX7422,False
PSG_5dc0b26f8565efac,P1090,26,18-30,F,Vivaan R.,v***y@outlook.com,+91-XXXXXX1187,False
PSG_03cc66a89297f941,P1091,89,60+,F,Ira S.,i***1@outlook.com,+91-XXXXXX3158,False
PSG_10f520f8014bb600,P1092,60,46-60,F,Reyansh V.,r***a@yahoo.com,+91-XXXXXX1814,False
PSG_e3c9d1b241587a5f,P1093,41,31-45,F,Anika P.,a***i@outlook.com,+91-XXXXXX9284,False
PSG_b68dfa55a241fd51,P1094,29,18-30,F,Kavya A.,k***l@rediffmail.com,+91-XXXXXX6383,False
PSG_808d9131c0271404,P1095,15,0-17,F,Anika V.,a***a@outlook.com,+91-XXXXXX4671,True
PSG_4c345dcb8df4a36d,P1096,45,31-45,M,Myra A.,m***l@hotmail.com,+91-XXXXXX4766,False
PSG_9f4f42f21fb842d2,P1097,65,60+,M,Shaurya M.,s***a@outlook.com,+91-XXXXXX2005,False
PSG_356a5d1b978b01d0,P1098,89,60+,F,Reyansh C.,r***e@yahoo.com,+91-XXXXXX5381,False
PSG_b546889913068c44,P1099,71,60+,F,Vivaan A.,v***l@hotmail.com,+91-XXXXXX4348,False
PSG_1853027b7c78d483,P1100,9,0-17,M,Muhammad J.,m***i@rediffmail.com,+91-XXXXXX6219,True
PSG_ac6493d2def000e1,P1101,88,60+,F,Shaurya A.,s***l@rediffmail.com,+91-XXXXXX3590,False
PSG_89d992f3de41e1f7,P1102,1,0-17,F,Myra K.,m***i@rediffmail.com,+91-XXXXXX6900,True
PSG_4984aa1beb7aa60b,P1103,8,0-17,M,Ishaan B.,i***e@hotmail.com,+91-XXXXXX5981,True
PSG_a8274a7069308344,P1104,88,60+,F,Vivaan  .,v***a@gmail.com,+91-XXXXXX1100,False
PSG_b985379bceeca614,P1105,63,60+,F,Muhammad S.,m***h@yahoo.com,+91-XXXXXX8427,False
PSG_775f77c82bf6aa11,P1106,11,0-17,F,Sara N.,s***r@outlook.com,+91-XXXXXX0110,True
PSG_9b7b951e82433e60,P1107,81,60+,M,Anika J.,a***i@yahoo.com,+91-XXXXXX8148,False
PSG_b00c31925371f945,P1108,8,0-17,M,Ishaan K.,i***i@outlook.com,+91-XXXXXX1573,True
PSG_87e4b59a60acfac2,P1109,35,31-45,M,Vivaan C.,v***e@outlook.com,+91-XXXXXX8471,False
PSG_de2b9fff76a58820,P1110,35,31-45,F,Ira K.,i***n@rediffmail.com,+91-XXXXXX0929,False
PSG_4a0a260c2ad2aa47,P1111,33,31-45,F,Krishna S.,k***a@yahoo.com,+91-XXXXXX5000,False
PSG_706e8ce6f4b9e663,P1112,5,0-17,M,Sara M.,s***a@hotmail.com,+91-XXXXXX4545,True
PSG_3a40c9509e2dc0bf,P1113,41,31-45,F,Anika P.,a***i@rediffmail.com,+91-XXXXXX1466,False
PSG_9eefa0090480ceea,P1114,28,18-30,F,Anika S.,a***a@yahoo.com,+91-XXXXXX4337,False
PSG_2d6618690fe18edf,P1115,7,0-17,F,Sara S.,s***h@hotmail.com,+91-XXXXXX9477,True
PSG_6f2ab805b7ecf576,P1116,73,60+,F,Vivaan G.,v***h@yahoo.com,+91-XXXXXX8866,False
PSG_8a0c9fc61cb8b8c0,P1117,72,60+,F,Aarav P.,a***i@rediffmail.com,+91-XXXXXX0974,False
PSG_8bdcaa5034de53e4,P1118,12,0-17,M,Vivaan R.,v***y@yahoo.com,+91-XXXXXX6899,True
PSG_761ce5623134e345,P1119,34,31-45,F,Aditya J.,a***i@outlook.com,+91-XXXXXX5339,False
PSG_0781efc26bf2c900,P1120,33,31-45,M,Aarav G.,a***h@hotmail.com,+91-XXXXXX6275,False
PSG_9eee39ea111a4af9,P1121,48,46-60,F,Riya G.,r***a@rediffmail.com,+91-XXXXXX8655,False
PSG_ea88f2e97a8d805b,P1122,23,18-30,M,Ananya V.,a***a@hotmail.com,+91-XXXXXX1258,False
PSG_ac4b34f22159afd3,P1123,62,60+,F,Sara K.,s***n@gmail.com,+91-XXXXXX3410,False
PSG_93a50dddf3c35569,P1124,88,60+,M,Myra V.,m***a@outlook.com,+91-XXXXXX5317,False
PSG_d811996946ec4236,P1125,37,31-45,F,Reyansh R.,r***y@gmail.com,+91-XXXXXX1130,False
PSG_06ad4d6d782fd531,P1126,44,31-45,M,Ira G.,i***a@gmail.com,+91-XXXXXX3847,False
PSG_9bfc6637a97b020d,P1127,86,60+,F,Myra S.,m***1@hotmail.com,+91-XXXXXX0614,False
PSG_d3061ea559f19e4c,P1128,35,31-45,M,Diya P.,d***l@yahoo.com,+91-XXXXXX0979,False
PSG_626e7eb0c910134e,P1129,65,60+,F,Vivaan J.,v***i@hotmail.com,+91-XXXXXX5992,False
PSG_7ec357009dd73ccb,P1130,47,46-60,M,Shaurya S.,s***a@hotmail.com,+91-XXXXXX5716,False
PSG_0d536cc01980f19b,P1131,78,60+,M,Shaurya B.,s***e@rediffmail.com,+91-XXXXXX4323,False
PSG_5668590e05b90c89,P1132,3,0-17,F,Ishaan B.,i***1@hotmail.com,+91-XXXXXX5376,True
PSG_e890e8b71d6b686b,P1133,1,0-17,F,Sai B.,s***e@gmail.com,+91-XXXXXX5745,True
PSG_06676924214fb6d1,P1134,5,0-17,M,Ira V.,i***a@outlook.com,+91-XXXXXX2787,True
PSG_1eb660465b7b0c7e,P1135,14,0-17,F,Shaurya B.,s***e@yahoo.com,+91-XXXXXX2437,True
PSG_978949e6ae197cde,P1136,27,18-30,M,Aadhya V.,a***a@outlook.com,+91-XXXXXX5490,False
PSG_9429ff91600916b9,P1137,9,0-17,M,Aditya I.,a***r@rediffmail.com,+91-XXXXXX9624,True
PSG_022d7f26fa7cfbab,P1138,79,60+,M,Saanvi M.,s***a@outlook.com,+91-XXXXXX1555,False
PSG_755af8725eed0d3f,P1139,15,0-17,F,Aarav A.,a***l@yahoo.com,+91-XXXXXX7841,True
PSG_0fbebaf8a2572126,P1140,42,31-45,M,Shaurya S.,s***1@outlook.com,+91-XXXXXX3475,False
PSG_fe62752bf5a988d2,P1141,77,60+,M,Sai K.,s***i@rediffmail.com,+91-XXXXXX1720,False
PSG_1f9dbc0a07d21e96,P1142,51,46-60,F,Saanvi N.,s***u@gmail.com,+91-XXXXXX9930,False
PSG_28b9e5923a70f334,P1143,63,60+,F,Arjun N.,a***r@hotmail.com,+91-XXXXXX3770,False
PSG_5f1995dcd751c0a3,P1144,52,46-60,F,Aadhya M.,a***a@gmail.com,+91-XXXXXX5362,False
PSG_9198ee38eb11d07c,P1145,4,0-17,F,Ananya P.,a***i@yahoo.com,+91-XXXXXX3231,True
PSG_025a13241275532c,P1146,23,18-30,M,Krishna K.,k***n@outlook.com,+91-XXXXXX4276,False
PSG_48ad890587298bb4,P1147,15,0-17,M,Reyansh P.,r***i@outlook.com,+91-XXXXXX4447,True
PSG_cc82488ae43cccc1,P1148,43,31-45,M,Muhammad C.,m***e@hotmail.com,+91-XXXXXX5907,False
PSG_6596fb40dbd5643d,P1149,29,18-30,M,Ishaan N.,i***r@yahoo.com,+91-XXXXXX5986,False
PSG_4d7ea58c1fc2b6a3,P1150,36,31-45,F,Anika A.,a***l@hotmail.com,+91-XXXXXX2498,False
PSG_2f7a54e9079f67a1,P1151,13,0-17,M,Krishna S.,k***a@gmail.com,+91-XXXXXX2588,True
PSG_92bed7d57cc0f369,P1152,32,31-45,M,Diya J.,d***i@hotmail.com,+91-XXXXXX1168,False
PSG_2f2e2487da764d8b,P1153,71,60+,F,Ira K.,i***i@rediffmail.com,+91-XXXXXX8010,False
PSG_bb2fd7ec300568e0,P1154,59,46-60,M,Myra C.,m***e@rediffmail.com,+91-XXXXXX1792,False
PSG_8266c3fcaa0c574f,P1155,86,60+,M,Diya N.,d***u@gmail.com,+91-XXXXXX6941,False
PSG_bbef6bd81f156000,P1156,28,18-30,M,Reyansh M.,r***a@hotmail.com,+91-XXXXXX0427,False
PSG_757b6d1cd896ec8a,P1157,66,60+,M,Arjun A.,a***l@hotmail.com,+91-XXXXXX1733,False
PSG_299baf7f50cd8c38,P1158,42,31-45,M,Muhammad J.,m***i@outlook.com,+91-XXXXXX4334,False
PSG_1bae585809143a97,P1159,45,31-45,M,Arjun B.,a***e@yahoo.com,+91-XXXXXX7644,False
PSG_0da862688b96018d,P1160,62,60+,F,Ananya J.,a***i@outlook.com,+91-XXXXXX8314,False
PSG_f2db3cdff8668f85,P1161,57,46-60,F,Krishna A.,k***l@hotmail.com,+91-XXXXXX6070,False
PSG_9f91cfc274954a95,P1162,6,0-17,M,Reyansh R.,r***y@outlook.com,+91-XXXXXX7801,True
PSG_7a061abbae417740,P1163,28,18-30,M,Anika N.,a***u@rediffmail.com,+91-XXXXXX5191,False
PSG_e2388641c51e047a,P1164,28,18-30,F,Sara K.,s***i@yahoo.com,+91-XXXXXX1586,False
PSG_ed36baac06ff9f70,P1165,44,31-45,M,Ira S.,i***h@rediffmail.com,+91-XXXXXX6118,False
PSG_fe53de2934496463,P1166,84,60+,M,Krishna B.,k***e@rediffmail.com,+91-XXXXXX9397,False
PSG_f8858f1bb2841fdf,P1167,30,18-30,M,Riya M.,r***a@rediffmail.com,+91-XXXXXX0118,False
PSG_23aa8b46583ba0a5,P1168,62,60+,F,Myra A.,m***l@rediffmail.com,+91-XXXXXX5589,False
PSG_7c01260cd10bce04,P1169,75,60+,M,Krishna R.,k***1@hotmail.com,+91-XXXXXX5910,False
PSG_4665bbd67bbe5eda,P1170,89,60+,F,Aditya M.,a***a@rediffmail.com,+91-XXXXXX5626,False
PSG_f913addb4d323bc4,P1171,62,60+,M,Ishaan B.,i***2@hotmail.com,+91-XXXXXX9167,False
PSG_f9c6b3e0044b1ae0,P1172,1,0-17,F,Sara B.,s***e@yahoo.com,+91-XXXXXX3300,True
PSG_60b81de77f1f21f7,P1173,27,18-30,F,Aadhya M.,a***a@rediffmail.com,+91-XXXXXX9808,False
PSG_5d89fc980781f18c,P1174,62,60+,M,Shaurya N.,s***u@outlook.com,+91-XXXXXX2704,False
PSG_ef181d4c1cc299e8,P1175,77,60+,F,Muhammad M.,m***a@hotmail.com,+91-XXXXXX4434,False
PSG_bb6ab8eb4eae9b5c,P1176,3,0-17,M,Riya P.,r***l@outlook.com,+91-XXXXXX4871,True
PSG_db76302904ee6fb1,P1177,70,60+,F,Reyansh P.,r***l@gmail.com,+91-XXXXXX9152,False
PSG_b1ee342ecf74e902,P1178,72,60+,M,Kavya N.,k***u@outlook.com,+91-XXXXXX4641,False
PSG_736964311873437d,P1179,27,18-30,M,Sai N.,s***u@hotmail.com,+91-XXXXXX0416,False
PSG_93b3fe0962dbd697,P1180,9,0-17,F,Anika G.,a***a@outlook.com,+91-XXXXXX6034,True
PSG_7220f5eb33042e2d,P1181,62,60+,M,Shaurya C.,s***e@outlook.com,+91-XXXXXX3772,False
PSG_30cf263f7410b1e7,P1182,37,31-45,M,Aarav D.,a***s@outlook.com,+91-XXXXXX1837,False
PSG_cce208c7dee906f1,P1183,51,46-60,F,Shaurya P.,s***i@rediffmail.com,+91-XXXXXX6003,False
PSG_b1e1094f754ca08d,P1184,44,31-45,M,Shaurya S.,s***2@outlook.com,+91-XXXXXX3210,False
PSG_ef2763670e937345,P1185,24,18-30,M,Aditya K.,a***i@outlook.com,+91-XXXXXX6129,False
PSG_ce3a9b7e0fd02bf6,P1186,79,60+,F,Sara M.,s***a@yahoo.com,+91-XXXXXX6403,False
PSG_db0032f2cd517cf1,P1187,59,46-60,F,Aditya D.,a***s@gmail.com,+91-XXXXXX2366,False
PSG_ee70c376bef78230,P1188,32,31-45,M,Ananya A.,a***l@hotmail.com,+91-XXXXXX2291,False
PSG_aea14d29b9c0de39,P1189,88,60+,M,Aditya M.,a***a@yahoo.com,+91-XXXXXX5687,False
PSG_29d1273c2e03576d,P1190,52,46-60,F,Aarav G.,a***h@rediffmail.com,+91-XXXXXX0106,False
PSG_3018fc8505e137c4,P1191,62,60+,F,Aditya M.,a***a@rediffmail.com,+91-XXXXXX1674,False
PSG_7394c43f6851628c,P1192,58,46-60,M,Aarav I.,a***r@hotmail.com,+91-XXXXXX1955,False
PSG_fbc39798b9c4e6f9,P1193,52,46-60,F,Ira D.,i***s@yahoo.com,+91-XXXXXX8909,False
PSG_388513bc71f83598,P1194,12,0-17,M,Ananya D.,a***s@gmail.com,+91-XXXXXX5455,True
PSG_e8c571dd71f7fe51,P1195,39,31-45,M,Aditya D.,a***s@hotmail.com,+91-XXXXXX1749,False
PSG_7e20f3990e9a5b85,P1196,2,0-17,M,Shaurya P.,s***l@rediffmail.com,+91-XXXXXX7835,True
PSG_c3cc2f73c0654b9d,P1197,3,0-17,M,Krishna N.,k***r@gmail.com,+91-XXXXXX3129,True
PSG_44e0c3415ffafa0b,P1198,56,46-60,M,Kavya N.,k***1@outlook.com,+91-XXXXXX3665,False
PSG_5b856f2a07d2817b,P1199,81,60+,F,Aditya P.,a***i@hotmail.com,+91-XXXXXX7348,False
PSG_29efcf4d446d6312,P1200,59,46-60,F,Saanvi K.,s***i@outlook.com,+91-XXXXXX7549,False
PSG_04a0f6495039747e,P1201,2,0-17,F,Myra R.,m***y@gmail.com,+91-XXXXXX3744,True
PSG_cb5b8951fe944964,P1202,2,0-17,F,Aarav M.,a***a@hotmail.com,+91-XXXXXX0811,True
PSG_3074c178b1a83e7e,P1203,54,46-60,M,Aadhya N.,a***r@gmail.com,+91-XXXXXX8221,False
PSG_0e6f7e7011940cc3,P1204,87,60+,M,Shaurya S.,s***a@outlook.com,+91-XXXXXX4137,False
PSG_037ebac013849e9b,P1205,1,0-17,M,Sai N.,s***u@yahoo.com,+91-XXXXXX9381,True
PSG_811d928e08ad9e62,P1206,19,18-30,M,Diya B.,d***e@rediffmail.com,+91-XXXXXX7032,False
PSG_e23db4c7280c7093,P1207,2,0-17,F,Sai G.,s***h@yahoo.com,+91-XXXXXX1912,True
PSG_0ba0a3de537c2059,P1208,53,46-60,M,Aarav J.,a***i@yahoo.com,+91-XXXXXX7364,False
PSG_f54cb32a8ad565a5,P1209,44,31-45,M,Arjun M.,a***a@gmail.com,+91-XXXXXX8802,False
PSG_0f90e6d800eb8748,P1210,32,31-45,F,Saanvi S.,s***a@outlook.com,+91-XXXXXX2140,False
PSG_5b36cbff10dffd11,P1211,70,60+,F,Ishaan A.,i***l@outlook.com,+91-XXXXXX3564,False
PSG_19bb1e60647f7796,P1212,32,31-45,F,Shaurya J.,s***i@rediffmail.com,+91-XXXXXX6659,False
PSG_32c484753c1ce814,P1213,68,60+,F,Sai P.,s***i@outlook.com,+91-XXXXXX0044,False
PSG_892547c4cf89fcf8,P1214,55,46-60,M,Riya M.,r***a@hotmail.com,+91-XXXXXX9130,False
PSG_3518727c43365222,P1215,75,60+,M,Ira N.,i***u@outlook.com,+91-XXXXXX5488,False
PSG_7f9a4e64f6dd6c48,P1216,56,46-60,F,Riya S.,r***a@hotmail.com,+91-XXXXXX8082,False
PSG_ad5180c71d851149,P1217,17,0-17,M,Krishna I.,k***r@yahoo.com,+91-XXXXXX9884,True
PSG_d53c6cdcd13bd028,P1218,38,31-45,M,Ira I.,i***r@gmail.com,+91-XXXXXX8138,False
PSG_acc87a6d7fe91a19,P1219,24,18-30,M,Muhammad N.,m***r@rediffmail.com,+91-XXXXXX4142,False
PSG_0293cb54bc5c6767,P1220,69,60+,F,Shaurya S.,s***h@gmail.com,+91-XXXXXX6766,False
PSG_224b52f5189d38d2,P1221,70,60+,M,Diya N.,d***r@gmail.com,+91-XXXXXX7680,False
PSG_c3115bbfeb4b4aaf,P1222,86,60+,F,Muhammad V.,m***a@hotmail.com,+91-XXXXXX2006,False
PSG_7956ab377b2a6b81,P1223,11,0-17,M,Sara D.,s***s@hotmail.com,+91-XXXXXX1674,True
PSG_1a79c282364d2fe8,P1224,16,0-17,M,Aadhya G.,a***h@outlook.com,+91-XXXXXX5007,True
PSG_7522b96f336f7d31,P1225,73,60+,M,Muhammad G.,m***a@rediffmail.com,+91-XXXXXX8258,False
PSG_1fa86c83c299735b,P1226,59,46-60,F,Kavya C.,k***e@rediffmail.com,+91-XXXXXX8456,False
PSG_99fe84bbf4f05093,P1227,70,60+,M,Aadhya R.,a***y@outlook.com,+91-XXXXXX4902,False
PSG_5e0f733907e54eb4,P1228,80,60+,F,Anika I.,a***r@hotmail.com,+91-XXXXXX4412,False
PSG_e08dc727f5ceeec3,P1229,3,0-17,F,Arjun D.,a***s@hotmail.com,+91-XXXXXX9068,True
PSG_15281efbf1c58474,P1230,20,18-30,F,Kavya M.,k***a@gmail.com,+91-XXXXXX9054,False
PSG_31157ad3cee331ed,P1231,59,46-60,M,Riya D.,r***s@gmail.com,+91-XXXXXX4736,False
PSG_cd4d7388d66118b7,P1232,36,31-45,M,Ishaan K.,i***i@rediffmail.com,+91-XXXXXX9916,False
PSG_c45ea7cb8e59ca45,P1233,19,18-30,M,Ishaan A.,i***l@rediffmail.com,+91-XXXXXX3833,False
PSG_88948df9474faa3a,P1234,67,60+,M,Ananya B.,a***e@gmail.com,+91-XXXXXX4512,False
PSG_355553ed01455a78,P1235,19,18-30,F,Arjun G.,a***h@outlook.com,+91-XXXXXX1936,False
PSG_c9156bb5f8892855,P1236,20,18-30,F,Myra S.,m***a@yahoo.com,+91-XXXXXX3281,False
PSG_5e91029dc0fc24ca,P1237,71,60+,F,Ishaan K.,i***1@hotmail.com,+91-XXXXXX2021,False
PSG_2d0b89140ad44b61,P1238,52,46-60,M,Ishaan M.,i***a@rediffmail.com,+91-XXXXXX4150,False
PSG_d4f66687dc7f07f4,P1239,33,31-45,F,Ananya S.,a***h@yahoo.com,+91-XXXXXX3786,False
PSG_2da55bad1e2f0569,P1240,40,31-45,M,Anika G.,a***h@outlook.com,+91-XXXXXX3716,False
PSG_8444c474961da0c9,P1241,39,31-45,F,Aadhya C.,a***e@yahoo.com,+91-XXXXXX5578,False
PSG_eb69f92e4a333057,P1242,82,60+,M,Ishaan N.,i***1@yahoo.com,+91-XXXXXX7294,False
PSG_854330fe4ce0a477,P1243,1,0-17,M,Aadhya C.,a***e@gmail.com,+91-XXXXXX9531,True
PSG_a47859fe67a77c8a,P1244,11,0-17,F,Saanvi S.,s***h@hotmail.com,+91-XXXXXX9184,True
PSG_3df62ac16d2e6b53,P1245,57,46-60,F,Arjun C.,a***e@hotmail.com,+91-XXXXXX4082,False
PSG_a3d6fa30d98141cb,P1246,89,60+,F,Ira I.,i***r@hotmail.com,+91-XXXXXX9714,False
PSG_f4f0ace609c68ceb,P1247,50,46-60,F,Arjun A.,a***l@gmail.com,+91-XXXXXX1361,False
PSG_59c6bb5c73e1dade,P1248,23,18-30,M,Saanvi G.,s***a@gmail.com,+91-XXXXXX5345,False
PSG_5bbbf2981bc6f30a,P1249,31,31-45,F,Kavya P.,k***i@rediffmail.com,+91-XXXXXX4687,False
PSG_79c10409652b616d,P1250,42,31-45,F,Arjun S.,a***h@hotmail.com,+91-XXXXXX7041,False
PSG_9d6b9c4763ac2285,P1251,7,0-17,F,Aarav P.,a***i@outlook.com,+91-XXXXXX4312,True
PSG_aded24a56b27081b,P1252,16,0-17,M,Aadhya A.,a***l@outlook.com,+91-XXXXXX1226,True
PSG_9f92cb03ed019654,P1253,60,46-60,M,Aditya M.,a***a@gmail.com,+91-XXXXXX4244,False
PSG_f02901b1af09d980,P1254,2,0-17,F,Muhammad K.,m***n@yahoo.com,+91-XXXXXX9408,True
PSG_acad92a44761765c,P1255,1,0-17,M,Aadhya C.,a***1@yahoo.com,+91-XXXXXX9415,True
PSG_043b18c648d09d15,P1256,48,46-60,F,Krishna M.,k***a@yahoo.com,+91-XXXXXX9816,False
PSG_0d87dd99f74efa44,P1257,12,0-17,M,Ishaan B.,i***3@hotmail.com,+91-XXXXXX3177,True
PSG_1f4eb97872afffb0,P1258,69,60+,M,Diya P.,d***i@hotmail.com,+91-XXXXXX4117,False
PSG_2d7681149518a24b,P1259,37,31-45,M,Reyansh P.,r***1@hotmail.com,+91-XXXXXX3780,False
PSG_97de03648ab11264,P1260,32,31-45,M,Ananya M.,a***a@outlook.com,+91-XXXXXX5967,False
PSG_8a863f6ee26c4832,P1261,9,0-17,F,Saanvi N.,s***r@yahoo.com,+91-XXXXXX9947,True
PSG_2c41d6cc888ed491,P1262,19,18-30,F,Vivaan G.,v***h@rediffmail.com,+91-XXXXXX1819,False
PSG_8c017fa3ed2f4cb7,P1263,48,46-60,F,Riya D.,r***1@gmail.com,+91-XXXXXX3243,False
PSG_05882bd47e6f15cc,P1264,80,60+,M,Anika G.,a***h@yahoo.com,+91-XXXXXX5590,False
PSG_ab14e83896945c3a,P1265,3,0-17,F,Aarav N.,a***r@rediffmail.com,+91-XXXXXX5885,True
PSG_ee16729e357feb3a,P1266,20,18-30,F,Aditya K.,a***i@yahoo.com,+91-XXXXXX8354,False
PSG_fb7dc259155c3563,P1267,24,18-30,F,Saanvi K.,s***n@yahoo.com,+91-XXXXXX8525,False
PSG_4df3c3aa963304e2,P1268,54,46-60,M,Krishna K.,k***i@hotmail.com,+91-XXXXXX7569,False
PSG_1899fdf9be04bbde,P1269,33,31-45,M,Aarav V.,a***a@hotmail.com,+91-XXXXXX4268,False
PSG_da8d2227bf0e70c0,P1270,24,18-30,M,Reyansh N.,r***r@gmail.com,+91-XXXXXX9475,False
PSG_36dc59512804c8d3,P1271,75,60+,F,Muhammad P.,m***i@gmail.com,+91-XXXXXX9013,False
PSG_804da4c94803235f,P1272,72,60+,F,Sai C.,s***e@hotmail.com,+91-XXXXXX7050,False
PSG_7b0a4cae8320c9fa,P1273,36,31-45,F,Kavya B.,k***e@outlook.com,+91-XXXXXX2445,False
PSG_c1fa96112d14bcb6,P1274,38,31-45,M,Sara G.,s***h@outlook.com,+91-XXXXXX4388,False
PSG_7f8524bd0388dbef,P1275,84,60+,M,Anika I.,a***1@hotmail.com,+91-XXXXXX5927,False
PSG_41bacebd63276677,P1276,89,60+,F,Kavya M.,k***a@yahoo.com,+91-XXXXXX9527,False
PSG_5eed1bab7e72c2d2,P1277,25,18-30,M,Sai M.,s***a@yahoo.com,+91-XXXXXX7990,False
PSG_41f700fccf23e020,P1278,18,18-30,M,Aditya N.,a***u@hotmail.com,+91-XXXXXX9071,False
PSG_97d4f9802e76aadf,P1279,82,60+,M,Ira R.,i***y@gmail.com,+91-XXXXXX5743,False
PSG_5e8bd435d4667889,P1280,66,60+,M,Anika P.,a***1@outlook.com,+91-XXXXXX5609,False
PSG_3b7ed66ca0c5bf01,P1281,54,46-60,F,Krishna J.,k***i@yahoo.com,+91-XXXXXX9570,False
PSG_86c04e76a53c22a0,P1282,35,31-45,M,Kavya C.,k***e@outlook.com,+91-XXXXXX1043,False
PSG_d6c606139112c691,P1283,80,60+,M,Sara M.,s***a@rediffmail.com,+91-XXXXXX9982,False
PSG_1ee9de5559d54b54,P1284,61,60+,M,Vivaan M.,v***a@outlook.com,+91-XXXXXX9410,False
PSG_64b3729bd8b9a961,P1285,41,31-45,M,Riya A.,r***l@yahoo.com,+91-XXXXXX1254,False
PSG_fe4d999f0437e399,P1286,33,31-45,F,Aditya M.,a***a@yahoo.com,+91-XXXXXX5234,False
PSG_31b6eb032ca8fb15,P1287,68,60+,F,Ishaan K.,i***2@hotmail.com,+91-XXXXXX8506,False
PSG_d7102e2ba04119bf,P1288,33,31-45,M,Riya K.,r***n@yahoo.com,+91-XXXXXX2850,False
PSG_3e3ec72a11dd674b,P1289,14,0-17,M,Reyansh R.,r***1@yahoo.com,+91-XXXXXX0779,True
PSG_5a06dfe2a0c65767,P1290,21,18-30,M,Aditya M.,a***a@hotmail.com,+91-XXXXXX5760,False
PSG_aab1a4bcde21ff61,P1291,48,46-60,M,Anika V.,a***a@gmail.com,+91-XXXXXX0039,False
PSG_b5a71df4df9acb14,P1292,20,18-30,M,Myra G.,m***h@hotmail.com,+91-XXXXXX1875,False
PSG_29f9085c159b7c98,P1293,8,0-17,M,Aditya R.,a***y@hotmail.com,+91-XXXXXX4997,True
PSG_2220889e78a5abeb,P1294,7,0-17,F,Ira N.,i***u@gmail.com,+91-XXXXXX6891,True
PSG_f9e5b303f4b20b89,P1295,67,60+,M,Muhammad A.,m***l@rediffmail.com,+91-XXXXXX0529,False
PSG_171f7044145e8622,P1296,17,0-17,F,Aarav J.,a***i@hotmail.com,+91-XXXXXX5221,True
PSG_7ff759e6ff4f1bbb,P1297,33,31-45,F,Anika K.,a***n@hotmail.com,+91-XXXXXX7770,False
PSG_1aa38a7e68918364,P1298,48,46-60,M,Ananya K.,a***i@hotmail.com,+91-XXXXXX2052,False
PSG_f94945c01d54085b,P1299,76,60+,F,Aadhya M.,a***a@hotmail.com,+91-XXXXXX2835,False
PSG_6f97f2a609ff0921,P1300,59,46-60,F,Vivaan A.,v***l@rediffmail.com,+91-XXXXXX9775,False
PSG_32a5816717bb54d2,P1301,86,60+,F,Reyansh P.,r***l@outlook.com,+91-XXXXXX5137,False
PSG_5fedb920db29ce45,P1302,22,18-30,F,Arjun K.,a***i@outlook.com,+91-XXXXXX9712,False
PSG_cfcecba498582822,P1303,30,18-30,F,Ira N.,i***r@rediffmail.com,+91-XXXXXX6631,False
PSG_b9bb8063e776531d,P1304,38,31-45,F,Myra K.,m***n@rediffmail.com,+91-XXXXXX5164,False
PSG_f630d71c4a0e1e97,P1305,51,46-60,M,Shaurya K.,s***i@rediffmail.com,+91-XXXXXX4459,False
PSG_534915966b26e0ea,P1306,54,46-60,F,Shaurya V.,s***a@rediffmail.com,+91-XXXXXX7617,False
PSG_7eb6f8eb0d24e2e3,P1307,8,0-17,F,Aadhya I.,a***r@rediffmail.com,+91-XXXXXX1278,True
PSG_6852a0df27e796ab,P1308,27,18-30,F,Sai M.,s***a@hotmail.com,+91-XXXXXX0790,False
PSG_5af5d2428e21bb0b,P1309,27,18-30,M,Ananya A.,a***l@outlook.com,+91-XXXXXX8026,False
PSG_20bc844d6325ee4e,P1310,21,18-30,F,Aarav S.,a***1@rediffmail.com,+91-XXXXXX9438,False
PSG_d9632d95f7048f6b,P1311,30,18-30,M,Anika J.,a***i@outlook.com,+91-XXXXXX8800,False
PSG_37f8f648da682e26,P1312,28,18-30,F,Sara V.,s***a@gmail.com,+91-XXXXXX9680,False
PSG_c1c86b51feb4047e,P1313,64,60+,M,Aarav N.,a***1@rediffmail.com,+91-XXXXXX2272,False
PSG_4c0e8b6133b7327f,P1314,69,60+,M,Anika J.,a***1@yahoo.com,+91-XXXXXX7372,False
PSG_db98a5b05ace920b,P1315,61,60+,F,Kavya A.,k***l@hotmail.com,+91-XXXXXX0684,False
PSG_846840ddb046fcaf,P1316,48,46-60,F,Aadhya K.,a***n@gmail.com,+91-XXXXXX6534,False
PSG_fff7ec209bad2b9b,P1317,19,18-30,M,Ananya C.,a***e@gmail.com,+91-XXXXXX6546,False
PSG_12d72e4f2c2216be,P1318,4,0-17,F,Shaurya G.,s***h@hotmail.com,+91-XXXXXX9440,True
PSG_df2b7c74af48fcf1,P1319,35,31-45,M,Kavya C.,k***e@hotmail.com,+91-XXXXXX7382,False
PSG_e202d379ef5350fe,P1320,64,60+,M,Arjun G.,a***a@yahoo.com,+91-XXXXXX5387,False
PSG_ce055f8eef8682c7,P1321,49,46-60,M,Anika K.,a***i@outlook.com,+91-XXXXXX8733,False
PSG_dfba15bdf165449c,P1322,17,0-17,M,Krishna I.,k***1@yahoo.com,+91-XXXXXX6822,True
PSG_8fd1430df1d9f664,P1323,44,31-45,M,Shaurya V.,s***a@outlook.com,+91-XXXXXX5172,False
PSG_f39ab45686de1ddc,P1324,30,18-30,F,Saanvi N.,s***1@gmail.com,+91-XXXXXX0893,False
PSG_e2ff672c67dba849,P1325,46,46-60,M,Ananya B.,a***e@yahoo.com,+91-XXXXXX6204,False
PSG_abdb647b761748cd,P1326,6,0-17,M,Anika K.,a***i@rediffmail.com,+91-XXXXXX6272,True
PSG_61ec496d1deb25e8,P1327,37,31-45,F,Anika J.,a***2@yahoo.com,+91-XXXXXX6097,False
PSG_46e95d469dce9496,P1328,24,18-30,M,Aditya D.,a***1@gmail.com,+91-XXXXXX0775,False
PSG_5ffa84a44db7e156,P1329,46,46-60,F,Arjun S.,a***a@gmail.com,+91-XXXXXX1951,False
PSG_11a9aed7e6cfa418,P1330,53,46-60,F,Myra A.,m***l@outlook.com,+91-XXXXXX9637,False
PSG_1dc846e3218b9cc8,P1331,60,46-60,F,Aadhya N.,a***u@yahoo.com,+91-XXXXXX2642,False
PSG_4c501d5224c44b53,P1332,63,60+,M,Kavya J.,k***i@yahoo.com,+91-XXXXXX5093,False
PSG_865dca41085b66ce,P1333,85,60+,M,Kavya S.,k***a@hotmail.com,+91-XXXXXX6226,False
PSG_006be132dc6dc7e3,P1334,32,31-45,M,Myra I.,m***r@yahoo.com,+91-XXXXXX1671,False
PSG_7e294ffe4c66a427,P1335,87,60+,F,Aadhya P.,a***i@outlook.com,+91-XXXXXX5561,False
PSG_2309609d9a3a7196,P1336,33,31-45,M,Arjun I.,a***r@hotmail.com,+91-XXXXXX4632,False
PSG_72edf57df46c608a,P1337,67,60+,F,Vivaan C.,v***e@hotmail.com,+91-XXXXXX1093,False
PSG_d8f3825089ea863c,P1338,18,18-30,M,Aarav N.,a***u@rediffmail.com,+91-XXXXXX6009,False
PSG_a8871a7ec2eb0e3a,P1339,25,18-30,F,Shaurya G.,s***a@gmail.com,+91-XXXXXX9481,False
PSG_165f18db2419deab,P1340,54,46-60,M,Anika C.,a***e@hotmail.com,+91-XXXXXX3853,False
PSG_8fd88dcb5529e388,P1341,58,46-60,M,Riya D.,r***s@hotmail.com,+91-XXXXXX8998,False
PSG_366e138b913e1fdf,P1342,67,60+,M,Reyansh N.,r***1@gmail.com,+91-XXXXXX9729,False
PSG_26484655789521fe,P1343,46,46-60,F,Ira D.,i***s@hotmail.com,+91-XXXXXX0034,False
PSG_956f51a454ffedb5,P1344,24,18-30,F,Aarav R.,a***y@gmail.com,+91-XXXXXX5749,False
PSG_6db641f1dbb641a6,P1345,32,31-45,M,Aarav D.,a***1@yahoo.com,+91-XXXXXX1020,False
PSG_c2114e2c2b38ab04,P1346,47,46-60,M,Anika M.,a***a@hotmail.com,+91-XXXXXX7668,False
PSG_13e78dfc75deb051,P1347,86,60+,F,Ananya K.,a***n@rediffmail.com,+91-XXXXXX1587,False
PSG_b3f041c7b00c02ac,P1348,23,18-30,F,Shaurya N.,s***u@yahoo.com,+91-XXXXXX8436,False
PSG_1b566a68168ac568,P1349,66,60+,F,Myra N.,m***r@hotmail.com,+91-XXXXXX8017,False
PSG_c61291a7c39a5c94,P1350,27,18-30,M,Diya V.,d***a@rediffmail.com,+91-XXXXXX2443,False
PSG_2594fcfb289c865e,P1351,2,0-17,F,Arjun K.,a***n@hotmail.com,+91-XXXXXX0275,True
PSG_9f4431de6428e6fe,P1352,17,0-17,M,Sai G.,s***a@yahoo.com,+91-XXXXXX8848,True
PSG_c9f38e54715e20fd,P1353,33,31-45,F,Ishaan K.,i***1@outlook.com,+91-XXXXXX2130,False
PSG_81bae4ad17395dff,P1354,9,0-17,M,Ira N.,i***1@gmail.com,+91-XXXXXX2105,True
PSG_37dda8ff70bd28d6,P1355,43,31-45,F,Ishaan I.,i***r@rediffmail.com,+91-XXXXXX9364,False
PSG_d5ff00f813d01dfe,P1356,48,46-60,F,Ananya R.,a***y@gmail.com,+91-XXXXXX6197,False
PSG_78351dc5d7ece852,P1357,39,31-45,F,Aditya V.,a***a@outlook.com,+91-XXXXXX5930,False
PSG_fb91f6e7fbd0acd7,P1358,42,31-45,F,Ishaan B.,i***e@rediffmail.com,+91-XXXXXX3247,False
PSG_6d3a7dfa87cc490c,P1359,26,18-30,F,Anika C.,a***e@yahoo.com,+91-XXXXXX3318,False
PSG_af4362fe5056b948,P1360,50,46-60,M,Diya V.,d***a@hotmail.com,+91-XXXXXX7988,False
PSG_14e40c47cb1b2298,P1361,25,18-30,F,Anika P.,a***l@yahoo.com,+91-XXXXXX0705,False
PSG_7e27a23d98037f00,P1362,24,18-30,F,Aditya G.,a***h@outlook.com,+91-XXXXXX5267,False
PSG_181664944f836249,P1363,13,0-17,F,Sara I.,s***r@yahoo.com,+91-XXXXXX1941,True
PSG_6b8dafc310773343,P1364,60,46-60,M,Aarav G.,a***1@hotmail.com,+91-XXXXXX5314,False
PSG_dc18458235815b92,P1365,7,0-17,F,Anika D.,a***s@rediffmail.com,+91-XXXXXX2309,True
PSG_a9489feeca5adbd3,P1366,57,46-60,M,Myra G.,m***a@gmail.com,+91-XXXXXX3873,False
PSG_d1ff91dc438773d9,P1367,36,31-45,F,Reyansh D.,r***s@outlook.com,+91-XXXXXX4727,False
PSG_3acc0009e3add27a,P1368,45,31-45,F,Myra P.,m***i@rediffmail.com,+91-XXXXXX3456,False
PSG_fe5b11acc19cc483,P1369,20,18-30,M,Myra J.,m***i@yahoo.com,+91-XXXXXX1933,False
PSG_159a42f079e1ad9d,P1370,65,60+,F,Myra N.,m***r@outlook.com,+91-XXXXXX8413,False
PSG_49fd4ad9b20dacd8,P1371,8,0-17,M,Diya J.,d***i@rediffmail.com,+91-XXXXXX6858,True
PSG_ac63ad6f9623d096,P1372,16,0-17,M,Arjun N.,a***r@yahoo.com,+91-XXXXXX3074,True
PSG_1e81a36b9caf7f54,P1373,14,0-17,F,Sara P.,s***l@outlook.com,+91-XXXXXX0147,True
PSG_ec684719f6695d71,P1374,76,60+,M,Aditya V.,a***1@outlook.com,+91-XXXXXX1768,False
PSG_b6ac405f9f3716c0,P1375,87,60+,F,Krishna S.,k***1@yahoo.com,+91-XXXXXX9109,False
PSG_c27ea93eabaa7cae,P1376,15,0-17,F,Krishna I.,k***r@rediffmail.com,+91-XXXXXX1801,True
PSG_e2d18ad17c0d8814,P1377,66,60+,M,Shaurya N.,s***r@rediffmail.com,+91-XXXXXX9779,False
PSG_5d08479ad1cfadbc,P1378,32,31-45,M,Aditya I.,a***1@rediffmail.com,+91-XXXXXX5347,False
PSG_3fcc96b7f40836cc,P1379,87,60+,M,Kavya S.,k***a@gmail.com,+91-XXXXXX1367,False
PSG_76b093f7808a3577,P1380,63,60+,M,Reyansh K.,r***n@gmail.com,+91-XXXXXX4003,False
PSG_5635593da64bed25,P1381,86,60+,F,Vivaan M.,v***a@rediffmail.com,+91-XXXXXX0884,False
PSG_581b4cd15d8c2442,P1382,51,46-60,F,Anika I.,a***r@gmail.com,+91-XXXXXX8861,False
PSG_fd3a7c2d4526d6c1,P1383,25,18-30,M,Arjun N.,a***r@outlook.com,+91-XXXXXX9631,False
PSG_94b47cfaf2abfdc0,P1384,58,46-60,F,Kavya K.,k***n@gmail.com,+91-XXXXXX0739,False
PSG_8950b4178512e57c,P1385,63,60+,F,Reyansh D.,r***s@hotmail.com,+91-XXXXXX0600,False
PSG_6395f46910dfaff8,P1386,62,60+,F,Riya G.,r***a@gmail.com,+91-XXXXXX2101,False
PSG_e1d0046ae5620b99,P1387,22,18-30,F,Anika S.,a***a@hotmail.com,+91-XXXXXX4285,False
PSG_e161084a3576b5d4,P1388,58,46-60,M,Reyansh D.,r***1@outlook.com,+91-XXXXXX7269,False
PSG_751de1bdb2fa513a,P1389,58,46-60,M,Muhammad C.,m***1@hotmail.com,+91-XXXXXX5107,False
PSG_19fe0077dc558f2d,P1390,86,60+,F,Aarav M.,a***a@hotmail.com,+91-XXXXXX2605,False
PSG_2555d9802bab812e,P1391,49,46-60,M,Aadhya M.,a***1@gmail.com,+91-XXXXXX5231,False
PSG_2ef711294e79ae5f,P1392,52,46-60,M,Riya I.,r***r@outlook.com,+91-XXXXXX3507,False
PSG_a0ef81cf7a9d0b6a,P1393,42,31-45,M,Ishaan R.,i***y@gmail.com,+91-XXXXXX5378,False
PSG_d65e85ad50582f1f,P1394,70,60+,F,Sara D.,s***s@outlook.com,+91-XXXXXX6358,False
PSG_5ff5e37a55973e33,P1395,15,0-17,F,Riya I.,r***r@rediffmail.com,+91-XXXXXX8282,True
PSG_21f9c9db0af37ae2,P1396,54,46-60,F,Vivaan M.,v***a@gmail.com,+91-XXXXXX5747,False
PSG_e6fddd2c9cd86402,P1397,60,46-60,M,Ishaan P.,i***l@gmail.com,+91-XXXXXX5005,False
PSG_c0e6dd68365b3286,P1398,8,0-17,F,Krishna K.,k***n@hotmail.com,+91-XXXXXX4714,True
PSG_2b635da4c2c1f071,P1399,53,46-60,F,Ananya D.,a***1@gmail.com,+91-XXXXXX4585,False
PSG_0aeb8bc25150b20a,P1400,60,46-60,M,Shaurya A.,s***1@rediffmail.com,+91-XXXXXX2241,False
PSG_97d55e2e8af6bdc0,P1401,5,0-17,F,Sai M.,s***a@outlook.com,+91-XXXXXX1602,True
PSG_68a9fe92d59c366a,P1402,68,60+,F,Riya K.,r***n@outlook.com,+91-XXXXXX5275,False
PSG_b4447e028d03d5ca,P1403,6,0-17,M,Myra G.,m***1@hotmail.com,+91-XXXXXX8166,True
PSG_4ac31268bc3d5515,P1404,47,46-60,M,Muhammad K.,m***i@rediffmail.com,+91-XXXXXX9585,False
PSG_eedd9e0ddc781f67,P1405,55,46-60,M,Aditya R.,a***y@rediffmail.com,+91-XXXXXX7200,False
PSG_cd9ef48f9f0c0821,P1406,40,31-45,F,Kavya V.,k***a@hotmail.com,+91-XXXXXX0516,False
PSG_89d513064afe3016,P1407,52,46-60,F,Shaurya K.,s***i@yahoo.com,+91-XXXXXX0962,False
PSG_48169ca79785f175,P1408,16,0-17,F,Diya  .,d***1@gmail.com,+91-XXXXXX1862,True
PSG_86babb8a330261ab,P1409,13,0-17,M,Aadhya S.,a***h@hotmail.com,+91-XXXXXX5269,True
PSG_a7094970696f2a4a,P1410,30,18-30,M,Sai P.,s***i@yahoo.com,+91-XXXXXX3057,False
PSG_d89ed31a1c3fb1c7,P1411,19,18-30,F,Vivaan G.,v***a@yahoo.com,+91-XXXXXX2492,False
PSG_d9a9802ee9a4b19f,P1412,17,0-17,F,Riya I.,r***r@gmail.com,+91-XXXXXX0183,True
PSG_a71750efda16e995,P1413,63,60+,M,Shaurya  .,s***1@outlook.com,+91-XXXXXX8338,False
PSG_e9cb44f8093ae1f5,P1414,19,18-30,M,Muhammad S.,m***h@hotmail.com,+91-XXXXXX6420,False
PSG_3b1168a8c9900684,P1415,58,46-60,M,Aadhya B.,a***e@hotmail.com,+91-XXXXXX1105,False
PSG_26b2c4e2fbdca385,P1416,55,46-60,M,Reyansh I.,r***r@hotmail.com,+91-XXXXXX9949,False
PSG_c1809a350e410428,P1417,62,60+,F,Reyansh C.,r***e@gmail.com,+91-XXXXXX8267,False
PSG_c1bf6492beb2d5af,P1418,23,18-30,M,Diya K.,d***n@outlook.com,+91-XXXXXX7444,False
PSG_fb80482917dff513,P1419,9,0-17,F,Krishna I.,k***1@rediffmail.com,+91-XXXXXX1366,True
PSG_677202fe4906e693,P1420,12,0-17,F,Diya P.,d***i@outlook.com,+91-XXXXXX9420,True
PSG_b8c0e1abe8c05c8f,P1421,1,0-17,F,Ira N.,i***u@yahoo.com,+91-XXXXXX9673,True
PSG_6e5ec7a3341de540,P1422,58,46-60,M,Shaurya G.,s***a@rediffmail.com,+91-XXXXXX7940,False
PSG_140ee978484a5bed,P1423,1,0-17,M,Aditya G.,a***a@rediffmail.com,+91-XXXXXX7808,True
PSG_68051a336f070b9b,P1424,34,31-45,M,Ananya N.,a***r@hotmail.com,+91-XXXXXX1530,False
PSG_028e4bf75914d8c8,P1425,48,46-60,M,Aarav G.,a***a@outlook.com,+91-XXXXXX2501,False
PSG_cfae2c894ef745f2,P1426,89,60+,F,Shaurya I.,s***r@gmail.com,+91-XXXXXX0679,False
PSG_fd91bd90e2ca73b2,P1427,1,0-17,M,Ira B.,i***e@outlook.com,+91-XXXXXX0575,True
PSG_160670f6903b3995,P1428,16,0-17,M,Ishaan M.,i***a@outlook.com,+91-XXXXXX3237,True
PSG_b844cecb01828c9b,P1429,61,60+,F,Aadhya P.,a***i@hotmail.com,+91-XXXXXX8383,False
PSG_b0bed7af399de8f0,P1430,64,60+,M,Anika S.,a***1@yahoo.com,+91-XXXXXX8402,False
PSG_8afeeb49aacd8aad,P1431,63,60+,F,Ishaan P.,i***l@rediffmail.com,+91-XXXXXX7664,False
PSG_583a655f9c3989ef,P1432,69,60+,F,Sai C.,s***e@outlook.com,+91-XXXXXX1007,False
PSG_a4b9f8bc4863e11b,P1433,22,18-30,F,Reyansh N.,r***u@rediffmail.com,+91-XXXXXX3679,False
PSG_72d987c7f7faa478,P1434,67,60+,F,Kavya R.,k***y@rediffmail.com,+91-XXXXXX1036,False
PSG_8d4734a75f15d3a4,P1435,76,60+,F,Aditya P.,a***1@hotmail.com,+91-XXXXXX6354,False
PSG_a29b9aace2de6158,P1436,26,18-30,F,Myra R.,m***y@yahoo.com,+91-XXXXXX6091,False
PSG_fffd794980d2f0fc,P1437,16,0-17,F,Krishna J.,k***i@hotmail.com,+91-XXXXXX5934,True
PSG_fb5bb10b9fbbe219,P1438,51,46-60,F,Reyansh B.,r***e@outlook.com,+91-XXXXXX0727,False
PSG_d0186b62fdc6e863,P1439,86,60+,M,Aditya K.,a***n@outlook.com,+91-XXXXXX9586,False
PSG_3f98a39479c83db2,P1440,57,46-60,M,Reyansh C.,r***1@yahoo.com,+91-XXXXXX2807,False
PSG_d5949b19e7cfe022,P1441,29,18-30,M,Arjun K.,a***n@yahoo.com,+91-XXXXXX8782,False
PSG_b06819876d988852,P1442,78,60+,M,Aadhya N.,a***r@yahoo.com,+91-XXXXXX8648,False
PSG_bb27214b735232d4,P1443,69,60+,F,Sai N.,s***1@hotmail.com,+91-XXXXXX3335,False
PSG_d2506808cb35ab5a,P1444,47,46-60,M,Sai G.,s***a@outlook.com,+91-XXXXXX3548,False
PSG_fb5cba62c24beefb,P1445,62,60+,F,Diya N.,d***1@hotmail.com,+91-XXXXXX6278,False
PSG_4b8587ca73e1c9f2,P1446,69,60+,M,Ishaan P.,i***i@gmail.com,+91-XXXXXX7562,False
PSG_8201d251cd1ec72a,P1447,76,60+,M,Ananya M.,a***a@rediffmail.com,+91-XXXXXX9057,False
PSG_9c676bde50673603,P1448,16,0-17,M,Diya J.,d***1@rediffmail.com,+91-XXXXXX2662,True
PSG_3fd7a0c32004df38,P1449,48,46-60,F,Diya S.,d***a@gmail.com,+91-XXXXXX9747,False
PSG_c9fdb1b758367c68,P1450,85,60+,M,Riya K.,r***n@rediffmail.com,+91-XXXXXX6778,False
PSG_db77680c6a6bd5a1,P1451,39,31-45,F,Arjun I.,a***r@gmail.com,+91-XXXXXX6306,False
PSG_27126f1f14e34102,P1452,33,31-45,F,Aadhya N.,a***1@yahoo.com,+91-XXXXXX1721,False
PSG_af5a99ce09377b82,P1453,23,18-30,M,Diya I.,d***r@hotmail.com,+91-XXXXXX1073,False
PSG_1f44ab16111d8404,P1454,10,0-17,M,Vivaan G.,v***h@outlook.com,+91-XXXXXX2211,True
PSG_14bffc018930f165,P1455,69,60+,M,Ira I.,i***r@yahoo.com,+91-XXXXXX6255,False
PSG_ce9beeb32f508993,P1456,34,31-45,F,Arjun V.,a***a@outlook.com,+91-XXXXXX1370,False
PSG_82bb6287b38a92ee,P1457,52,46-60,M,Arjun M.,a***a@outlook.com,+91-XXXXXX4998,False
PSG_05f2339ade3235f3,P1458,10,0-17,F,Vivaan K.,v***n@outlook.com,+91-XXXXXX9721,True
PSG_ab24510ca3d92c6a,P1459,19,18-30,F,Krishna J.,k***1@yahoo.com,+91-XXXXXX1273,False
PSG_120a65f6e19015f8,P1460,58,46-60,M,Kavya P.,k***1@gmail.com,+91-XXXXXX3155,False
PSG_771f53a4e27ff9ba,P1461,1,0-17,M,Reyansh V.,r***1@yahoo.com,+91-XXXXXX4560,True
PSG_cf829a3fce5b0599,P1462,69,60+,F,Reyansh K.,r***i@hotmail.com,+91-XXXXXX5163,False
PSG_441446333993112f,P1463,4,0-17,F,Vivaan G.,v***a@outlook.com,+91-XXXXXX8580,True
PSG_8f0f752a8feb7446,P1464,16,0-17,F,Sai I.,s***r@hotmail.com,+91-XXXXXX5238,True
PSG_f5963150ae36c285,P1465,24,18-30,M,Vivaan C.,v***e@yahoo.com,+91-XXXXXX2240,False
PSG_03065fe623975d49,P1466,80,60+,F,Aditya R.,a***y@gmail.com,+91-XXXXXX4548,False
PSG_ee1df5b4aacb8407,P1467,2,0-17,M,Ishaan S.,i***a@yahoo.com,+91-XXXXXX7388,True
PSG_bdec87d17fc083b8,P1468,32,31-45,F,Muhammad N.,m***u@outlook.com,+91-XXXXXX8516,False
PSG_2699fdb083b12262,P1469,84,60+,F,Aadhya R.,a***1@outlook.com,+91-XXXXXX0377,False
PSG_190faf1c895eba7d,P1470,24,18-30,M,Myra K.,m***1@rediffmail.com,+91-XXXXXX7372,False
PSG_5f5cdbf52db9f23e,P1471,12,0-17,F,Anika I.,a***1@gmail.com,+91-XXXXXX5216,True
PSG_155a3f8c5dbb2d2b,P1472,50,46-60,M,Aditya S.,a***h@yahoo.com,+91-XXXXXX3177,False
PSG_78f6ee9b814ae1c1,P1473,35,31-45,M,Vivaan S.,v***h@rediffmail.com,+91-XXXXXX9807,False
PSG_9006a0af0e9c8a69,P1474,33,31-45,F,Shaurya S.,s***1@hotmail.com,+91-XXXXXX6787,False
PSG_709b1fb584eaebdb,P1475,33,31-45,M,Saanvi B.,s***e@yahoo.com,+91-XXXXXX4943,False
PSG_92733e044146bc44,P1476,61,60+,M,Vivaan M.,v***a@yahoo.com,+91-XXXXXX2314,False
PSG_46abf857d3731c89,P1477,51,46-60,F,Kavya M.,k***a@rediffmail.com,+91-XXXXXX8642,False
PSG_3f15dd189bbc9ebb,P1478,43,31-45,M,Myra K.,m***i@hotmail.com,+91-XXXXXX6315,False
PSG_959f3e966f60c9ad,P1479,12,0-17,M,Shaurya P.,s***i@hotmail.com,+91-XXXXXX8244,True
PSG_9bae21c6a92d0ce1,P1480,67,60+,M,Diya S.,d***h@outlook.com,+91-XXXXXX1350,False
PSG_440ec21c303ada26,P1481,65,60+,F,Ira K.,i***1@rediffmail.com,+91-XXXXXX1261,False
PSG_f409687e8233a0fc,P1482,33,31-45,M,Saanvi S.,s***h@outlook.com,+91-XXXXXX5743,False
PSG_bcc81bcad531d2fd,P1483,40,31-45,F,Arjun D.,a***1@hotmail.com,+91-XXXXXX9237,False
PSG_dcd9378588df21b8,P1484,74,60+,F,Kavya M.,k***a@gmail.com,+91-XXXXXX5178,False
PSG_5b86b14d15f04dde,P1485,43,31-45,M,Sai N.,s***r@hotmail.com,+91-XXXXXX5327,False
PSG_c4990e7e68107240,P1486,44,31-45,M,Vivaan S.,v***h@yahoo.com,+91-XXXXXX3397,False
PSG_2b868c4f0db8cf74,P1487,29,18-30,M,Ira B.,i***1@outlook.com,+91-XXXXXX0835,False
PSG_eeb555c01a296c8f,P1488,13,0-17,F,Aditya V.,a***a@rediffmail.com,+91-XXXXXX5517,True
PSG_c69914154e9bebe1,P1489,12,0-17,M,Ishaan M.,i***a@hotmail.com,+91-XXXXXX9994,True
PSG_4a1ccc95662ed2e6,P1490,46,46-60,M,Ishaan G.,i***a@hotmail.com,+91-XXXXXX0285,False
PSG_212d215c11f20af3,P1491,2,0-17,M,Shaurya K.,s***n@hotmail.com,+91-XXXXXX7296,True
PSG_37d38d68107e52c8,P1492,35,31-45,M,Myra A.,m***1@outlook.com,+91-XXXXXX7332,False
PSG_9198c3b09f3d8546,P1493,87,60+,M,Shaurya P.,s***i@yahoo.com,+91-XXXXXX6279,False
PSG_ab0cc58000026edf,P1494,81,60+,F,Krishna C.,k***e@gmail.com,+91-XXXXXX9140,False
PSG_8bd624c7e031641e,P1495,8,0-17,F,Arjun N.,a***r@rediffmail.com,+91-XXXXXX6707,True
PSG_fb36f65b70194334,P1496,26,18-30,M,Shaurya V.,s***1@outlook.com,+91-XXXXXX4112,False
PSG_5c6dc5c8834bf905,P1497,74,60+,M,Ishaan N.,i***u@hotmail.com,+91-XXXXXX6937,False
PSG_78aefba6371368f7,P1498,34,31-45,M,Riya S.,r***1@outlook.com,+91-XXXXXX0428,False
PSG_862cb5fa7a09c89e,P1499,7,0-17,M,Myra G.,m***a@hotmail.com,+91-XXXXXX0436,True
PSG_45db0caedc659e68,P1500,68,60+,F,Ananya S.,a***a@yahoo.com,+91-XXXXXX4550,False
PSG_7cb7260bbe6e3eb2,P1501,58,46-60,M,Sai J.,s***i@hotmail.com,+91-XXXXXX1592,False
PSG_0bbae105d03cbb0c,P1502,75,60+,F,Vivaan P.,v***i@gmail.com,+91-XXXXXX6542,False
PSG_8d74a8beaec74772,P1503,29,18-30,F,Riya V.,r***a@gmail.com,+91-XXXXXX8019,False
PSG_aeff1145591716c7,P1504,36,31-45,M,Riya G.,r***h@yahoo.com,+91-XXXXXX7987,False
PSG_4b4d5b609fc96225,P1505,89,60+,F,Myra M.,m***a@yahoo.com,+91-XXXXXX9062,False
PSG_8b6f315d6ee4e934,P1506,21,18-30,F,Diya G.,d***h@gmail.com,+91-XXXXXX9915,False
PSG_b0a83fc14300474b,P1507,36,31-45,F,Ananya K.,a***1@rediffmail.com,+91-XXXXXX9532,False
PSG_81da6ca5d565692e,P1508,10,0-17,F,Shaurya R.,s***y@rediffmail.com,+91-XXXXXX6978,True
PSG_eb0eca968803f10c,P1509,73,60+,M,Ananya B.,a***e@hotmail.com,+91-XXXXXX0124,False
PSG_b327ef9685f24a32,P1510,24,18-30,M,Diya C.,d***e@outlook.com,+91-XXXXXX4887,False
PSG_f756faf9249bea32,P1511,64,60+,F,Ishaan J.,i***i@hotmail.com,+91-XXXXXX1636,False
PSG_7fc3f085d9a80093,P1512,49,46-60,M,Reyansh N.,r***2@gmail.com,+91-XXXXXX8082,False
PSG_279b0c0775067b33,P1513,36,31-45,M,Myra K.,m***2@rediffmail.com,+91-XXXXXX8961,False
PSG_5a73134865a7ca24,P1514,82,60+,M,Aditya K.,a***i@hotmail.com,+91-XXXXXX2242,False
PSG_aaef97782d6b6b54,P1515,24,18-30,M,Ishaan I.,i***1@outlook.com,+91-XXXXXX8067,False
PSG_2db2ad6a7cdf86ce,P1516,23,18-30,M,Reyansh B.,r***1@outlook.com,+91-XXXXXX8831,False
PSG_c8c8218d14c4895e,P1517,62,60+,F,Arjun V.,a***1@outlook.com,+91-XXXXXX1691,False
PSG_cee790a1651e5ea4,P1518,37,31-45,M,Ira K.,i***i@yahoo.com,+91-XXXXXX6201,False
PSG_369ccad58e104312,P1519,12,0-17,M,Aditya V.,a***a@hotmail.com,+91-XXXXXX5241,True
PSG_0b50bf2cf29accea,P1520,55,46-60,M,Ira K.,i***n@hotmail.com,+91-XXXXXX0036,False
PSG_6cb86a7af33abad5,P1521,13,0-17,M,Krishna V.,k***a@hotmail.com,+91-XXXXXX1168,True
PSG_f33f770694dead37,P1522,23,18-30,F,Reyansh S.,r***h@yahoo.com,+91-XXXXXX7964,False
PSG_8f2b5ed721c839b0,P1523,89,60+,F,Krishna V.,k***a@gmail.com,+91-XXXXXX6560,False
PSG_6b080bf6e09400ee,P1524,30,18-30,F,Kavya B.,k***e@rediffmail.com,+91-XXXXXX5201,False
PSG_742459f0e4a06168,P1525,17,0-17,F,Kavya G.,k***1@rediffmail.com,+91-XXXXXX3973,True
PSG_822b943ea0db2b24,P1526,62,60+,M,Saanvi S.,s***h@rediffmail.com,+91-XXXXXX6599,False
PSG_9fb09a6a232c2cb5,P1527,84,60+,F,Ananya M.,a***a@yahoo.com,+91-XXXXXX7973,False
PSG_f1b222de180d6986,P1528,89,60+,M,Diya S.,d***a@rediffmail.com,+91-XXXXXX3487,False
PSG_4ddab1346d89fcf2,P1529,86,60+,M,Kavya S.,k***h@yahoo.com,+91-XXXXXX5664,False
PSG_ce5b3c65b195bfa2,P1530,13,0-17,M,Riya P.,r***l@yahoo.com,+91-XXXXXX4179,True
PSG_2af4f5824c709c00,P1531,59,46-60,M,Reyansh S.,r***a@yahoo.com,+91-XXXXXX3017,False
PSG_f563ff527ed95961,P1532,19,18-30,M,Diya B.,d***e@yahoo.com,+91-XXXXXX6105,False
PSG_21fb7d88f61bb14b,P1533,49,46-60,F,Aditya V.,a***2@outlook.com,+91-XXXXXX4104,False
PSG_6e1827a295037dd3,P1534,12,0-17,F,Ananya P.,a***i@hotmail.com,+91-XXXXXX9301,True
PSG_4734054655d2760e,P1535,61,60+,F,Arjun P.,a***i@gmail.com,+91-XXXXXX4663,False
PSG_e4ab0da72b5aea1f,P1536,19,18-30,F,Riya N.,r***r@gmail.com,+91-XXXXXX5123,False
PSG_414d214687272534,P1537,76,60+,M,Reyansh J.,r***1@gmail.com,+91-XXXXXX6156,False
PSG_c36ba4df47606317,P1538,9,0-17,F,Aditya M.,a***1@rediffmail.com,+91-XXXXXX6534,True
PSG_016e1919cf8995e4,P1539,71,60+,M,Anika N.,a***r@rediffmail.com,+91-XXXXXX1568,False
PSG_e10923053029577f,P1540,28,18-30,F,Kavya K.,k***n@hotmail.com,+91-XXXXXX7029,False
PSG_353f293aa820a586,P1541,78,60+,M,Sai B.,s***1@gmail.com,+91-XXXXXX6167,False
PSG_b12847102acec1fe,P1542,52,46-60,M,Sai K.,s***i@gmail.com,+91-XXXXXX8997,False
PSG_c27b9ea7f6f25724,P1543,83,60+,F,Saanvi N.,s***2@gmail.com,+91-XXXXXX5271,False
PSG_c835f1354a8cd0f0,P1544,16,0-17,M,Vivaan N.,v***u@gmail.com,+91-XXXXXX1558,True
PSG_532a3d753cfa071b,P1545,69,60+,M,Saanvi R.,s***y@yahoo.com,+91-XXXXXX8502,False
PSG_2bc29ac3662803c3,P1546,12,0-17,F,Aadhya K.,a***i@yahoo.com,+91-XXXXXX0442,True
PSG_037cff620bc66ffa,P1547,25,18-30,M,Anika I.,a***2@gmail.com,+91-XXXXXX9719,False
PSG_c5e1fea8b018e1da,P1548,52,46-60,F,Saanvi N.,s***r@hotmail.com,+91-XXXXXX3439,False
PSG_d479c091ef75a970,P1549,85,60+,F,Vivaan B.,v***e@gmail.com,+91-XXXXXX9914,False
PSG_c2c1126b4e51df83,P1550,53,46-60,F,Ira A.,i***l@hotmail.com,+91-XXXXXX0666,False
PSG_b9da3f66db8116fd,P1551,23,18-30,M,Arjun A.,a***l@outlook.com,+91-XXXXXX0686,False
PSG_432df8957d6b3038,P1552,16,0-17,M,Ananya P.,a***l@rediffmail.com,+91-XXXXXX9048,True
PSG_ad32a620944f5141,P1553,57,46-60,M,Anika K.,a***n@outlook.com,+91-XXXXXX6101,False
PSG_6581e647cd1dc71e,P1554,39,31-45,F,Diya M.,d***1@yahoo.com,+91-XXXXXX0847,False
PSG_65c70e8de59b4199,P1555,53,46-60,M,Saanvi J.,s***i@hotmail.com,+91-XXXXXX0427,False
PSG_d143cd7dc8fdce46,P1556,42,31-45,F,Myra G.,m***h@rediffmail.com,+91-XXXXXX2143,False
PSG_db65fc3ac40c5099,P1557,58,46-60,F,Anika K.,a***i@yahoo.com,+91-XXXXXX2155,False
PSG_d40a3d430d831c45,P1558,39,31-45,M,Diya J.,d***i@gmail.com,+91-XXXXXX4710,False
PSG_aa33263a822eb14b,P1559,14,0-17,F,Aditya K.,a***n@gmail.com,+91-XXXXXX2082,True
PSG_8ae3ce7d2491c2f6,P1560,5,0-17,M,Muhammad J.,m***1@rediffmail.com,+91-XXXXXX5169,True
PSG_9d9e82717774bd26,P1561,35,31-45,M,Aditya N.,a***r@gmail.com,+91-XXXXXX2047,False
PSG_8cd4d843eca1ff2f,P1562,87,60+,M,Diya K.,d***i@hotmail.com,+91-XXXXXX8440,False
PSG_ca7384c6cbae370c,P1563,75,60+,M,Aarav P.,a***1@rediffmail.com,+91-XXXXXX7836,False
PSG_db63fd9f13030c4b,P1564,18,18-30,M,Saanvi C.,s***e@rediffmail.com,+91-XXXXXX0888,False
PSG_703065a4bccdc366,P1565,76,60+,F,Vivaan N.,v***u@hotmail.com,+91-XXXXXX3044,False
PSG_f3a60c8cabba7a4c,P1566,9,0-17,F,Vivaan S.,v***1@rediffmail.com,+91-XXXXXX9657,True
PSG_8fd7d867eda1963b,P1567,74,60+,F,Sara M.,s***a@hotmail.com,+91-XXXXXX2339,False
PSG_93e34450a5ba97c2,P1568,58,46-60,M,Shaurya I.,s***r@rediffmail.com,+91-XXXXXX6581,False
PSG_c2bc608db06de9a2,P1569,17,0-17,M,Muhammad N.,m***r@hotmail.com,+91-XXXXXX3299,True
PSG_b6c6c1d4fabcb50f,P1570,7,0-17,M,Ananya R.,a***y@rediffmail.com,+91-XXXXXX3640,True
PSG_34619102ba4f6d3b,P1571,46,46-60,F,Diya J.,d***i@yahoo.com,+91-XXXXXX8793,False
PSG_29be0f252df622ce,P1572,13,0-17,M,Sara B.,s***1@yahoo.com,+91-XXXXXX6489,True
PSG_b62ad3cdc286d04a,P1573,40,31-45,F,Ishaan S.,i***h@hotmail.com,+91-XXXXXX8677,False
PSG_75187d441089e834,P1574,42,31-45,F,Shaurya M.,s***1@rediffmail.com,+91-XXXXXX0142,False
PSG_358571c66995667b,P1575,9,0-17,M,Ananya M.,a***a@gmail.com,+91-XXXXXX1680,True
PSG_7f2b7f1328a721bf,P1576,50,46-60,M,Ira N.,i***2@gmail.com,+91-XXXXXX4545,False
PSG_316ea5a323769702,P1577,27,18-30,F,Shaurya J.,s***1@outlook.com,+91-XXXXXX1389,False
PSG_cf792149749086c4,P1578,66,60+,M,Shaurya S.,s***h@yahoo.com,+91-XXXXXX2967,False
PSG_5b00c1ef52dfad3f,P1579,5,0-17,F,Kavya N.,k***r@rediffmail.com,+91-XXXXXX8293,True
PSG_2a489b7b751d2cb4,P1580,29,18-30,M,Krishna I.,k***2@rediffmail.com,+91-XXXXXX5357,False
PSG_59051b7491263a97,P1581,37,31-45,M,Shaurya M.,s***a@outlook.com,+91-XXXXXX5485,False
PSG_f38c8a75d6336dd8,P1582,38,31-45,F,Kavya P.,k***i@outlook.com,+91-XXXXXX7896,False
PSG_52025a2581d53667,P1583,83,60+,M,Sara M.,s***1@yahoo.com,+91-XXXXXX1636,False
PSG_46e4d48df688dc13,P1584,8,0-17,F,Ananya I.,a***r@gmail.com,+91-XXXXXX1699,True
PSG_45cecb6830ac2ae9,P1585,65,60+,M,Saanvi G.,s***a@hotmail.com,+91-XXXXXX4907,False
PSG_3ddc3d3b47d82e6e,P1586,86,60+,F,Aditya B.,a***e@gmail.com,+91-XXXXXX3341,False
PSG_2b709e6465c498b7,P1587,17,0-17,F,Ira M.,i***a@rediffmail.com,+91-XXXXXX6783,True
PSG_93d807f5d4625129,P1588,71,60+,M,Sara S.,s***h@yahoo.com,+91-XXXXXX8599,False
PSG_b2adecad9bd69bbe,P1589,89,60+,F,Shaurya R.,s***y@outlook.com,+91-XXXXXX2830,False
PSG_52c5b9b5db667d7c,P1590,45,31-45,M,Vivaan N.,v***1@hotmail.com,+91-XXXXXX8085,False
PSG_c2829255fd5b1448,P1591,4,0-17,M,Krishna M.,k***a@rediffmail.com,+91-XXXXXX1235,True
PSG_cac5419f78dec948,P1592,36,31-45,M,Ananya R.,a***y@yahoo.com,+91-XXXXXX3343,False
PSG_18663b2f2db1d5e1,P1593,70,60+,F,Myra I.,m***r@rediffmail.com,+91-XXXXXX4928,False
PSG_99a696f8efd37538,P1594,31,31-45,F,Diya P.,d***l@hotmail.com,+91-XXXXXX0086,False
PSG_b16ab4cfea2863f1,P1595,19,18-30,M,Reyansh M.,r***a@gmail.com,+91-XXXXXX3239,False
PSG_896c3da3464e7e0c,P1596,61,60+,M,Vivaan D.,v***s@outlook.com,+91-XXXXXX5315,False
PSG_a8cdbce7df60a2de,P1597,54,46-60,F,Kavya A.,k***l@gmail.com,+91-XXXXXX3026,False
PSG_c3d400bce98a9a1a,P1598,39,31-45,M,Aadhya G.,a***a@yahoo.com,+91-XXXXXX2797,False
PSG_c957e28e76eb019b,P1599,74,60+,M,Ira N.,i***r@outlook.com,+91-XXXXXX1235,False
PSG_843c9bb31fc19493,P1600,19,18-30,F,Sara A.,s***l@rediffmail.com,+91-XXXXXX9611,False
PSG_d669610938ec1d61,P1601,39,31-45,M,Krishna N.,k***u@yahoo.com,+91-XXXXXX9223,False
PSG_3d7e8bdad2276649,P1602,67,60+,F,Krishna S.,k***a@hotmail.com,+91-XXXXXX6093,False
PSG_e486e0c5f66b74bc,P1603,45,31-45,M,Ananya G.,a***a@yahoo.com,+91-XXXXXX2655,False
PSG_7a2500b026aa1ed4,P1604,13,0-17,F,Riya M.,r***a@gmail.com,+91-XXXXXX0229,True
PSG_0802780d214bb789,P1605,58,46-60,M,Anika K.,a***1@rediffmail.com,+91-XXXXXX2100,False
PSG_0b2f78e5ae0af669,P1606,20,18-30,M,Sara C.,s***e@hotmail.com,+91-XXXXXX9769,False
PSG_920490a2db8a027b,P1607,72,60+,F,Ira S.,i***a@hotmail.com,+91-XXXXXX0327,False
PSG_223f1ed693d8fa2d,P1608,61,60+,M,Krishna V.,k***a@yahoo.com,+91-XXXXXX6605,False
PSG_8d3184c042561555,P1609,39,31-45,F,Vivaan M.,v***1@gmail.com,+91-XXXXXX9190,False
PSG_a2793293a0a5ae73,P1610,1,0-17,M,Diya S.,d***1@outlook.com,+91-XXXXXX2368,True
PSG_17abe9b36a8689b8,P1611,3,0-17,F,Sai B.,s***1@yahoo.com,+91-XXXXXX1389,True
PSG_62e47497072bce73,P1612,77,60+,F,Ananya P.,a***i@rediffmail.com,+91-XXXXXX2885,False
PSG_8f139262c7488ffb,P1613,62,60+,F,Arjun S.,a***h@gmail.com,+91-XXXXXX1401,False
PSG_efab6798499e2dc4,P1614,63,60+,F,Aarav R.,a***y@yahoo.com,+91-XXXXXX0679,False
PSG_ebd185df372e4fe5,P1615,25,18-30,M,Kavya  .,k***l@hotmail.com,+91-XXXXXX3965,False
PSG_12a370ee176ff892,P1616,56,46-60,M,Anika K.,a***2@rediffmail.com,+91-XXXXXX9715,False
PSG_0d4b07dafa68894e,P1617,33,31-45,F,Reyansh G.,r***h@gmail.com,+91-XXXXXX8704,False
PSG_5f320626f0cee837,P1618,38,31-45,F,Ishaan S.,i***a@rediffmail.com,+91-XXXXXX9375,False
PSG_384d4f340fe84583,P1619,6,0-17,F,Ananya B.,a***1@gmail.com,+91-XXXXXX0216,True
PSG_2a84a42253676d06,P1620,58,46-60,M,Saanvi K.,s***i@gmail.com,+91-XXXXXX8534,False
PSG_48d17631425f8214,P1621,44,31-45,M,Aarav S.,a***h@hotmail.com,+91-XXXXXX3646,False
PSG_5fc83e45c2003b98,P1622,45,31-45,M,Riya K.,r***1@yahoo.com,+91-XXXXXX6189,False
PSG_981ea045fcf23d48,P1623,32,31-45,M,Diya M.,d***a@outlook.com,+91-XXXXXX8862,False
PSG_4c2966bdd9bc035e,P1624,45,31-45,F,Riya N.,r***u@rediffmail.com,+91-XXXXXX7515,False
PSG_4670e3d823bb9d3f,P1625,61,60+,F,Riya P.,r***1@outlook.com,+91-XXXXXX7658,False
PSG_446398935698cd31,P1626,47,46-60,F,Arjun K.,a***1@outlook.com,+91-XXXXXX3312,False
PSG_e17de473247afa11,P1627,21,18-30,M,Aditya I.,a***r@hotmail.com,+91-XXXXXX4695,False
PSG_3b04aa9ac13e7358,P1628,80,60+,M,Sara V.,s***a@yahoo.com,+91-XXXXXX9407,False
PSG_dceccec8e2004eb6,P1629,85,60+,M,Kavya B.,k***1@rediffmail.com,+91-XXXXXX9855,False
PSG_05c4be669d031d36,P1630,75,60+,F,Aadhya C.,a***1@outlook.com,+91-XXXXXX0555,False
PSG_1007424982c466cf,P1631,36,31-45,F,Muhammad D.,m***s@outlook.com,+91-XXXXXX8840,False
PSG_be5cd6b47ccae2ea,P1632,19,18-30,M,Ananya K.,a***i@rediffmail.com,+91-XXXXXX1357,False
PSG_930f560f643e86e8,P1633,20,18-30,F,Sara V.,s***a@outlook.com,+91-XXXXXX2419,False
PSG_e37976da6f02f593,P1634,57,46-60,M,Riya N.,r***u@outlook.com,+91-XXXXXX5535,False
PSG_8815924406ca8f5f,P1635,18,18-30,M,Aarav K.,a***n@hotmail.com,+91-XXXXXX3597,False
PSG_a099c693e1aebd75,P1636,47,46-60,F,Reyansh G.,r***h@yahoo.com,+91-XXXXXX2698,False
PSG_51a56d4124c6315b,P1637,49,46-60,M,Aditya N.,a***1@gmail.com,+91-XXXXXX0042,False
PSG_0b2b5055675910be,P1638,14,0-17,F,Krishna B.,k***e@outlook.com,+91-XXXXXX6139,True
PSG_484c63787a356d59,P1639,15,0-17,M,Diya M.,d***1@hotmail.com,+91-XXXXXX2820,True
PSG_d80c907bfea7ad2f,P1640,31,31-45,F,Krishna B.,k***e@gmail.com,+91-XXXXXX8680,False
PSG_623a7d63868ca9d5,P1641,1,0-17,F,Myra G.,m***1@hotmail.com,+91-XXXXXX5794,True
PSG_60552fc4b854bb75,P1642,54,46-60,F,Shaurya B.,s***e@gmail.com,+91-XXXXXX4459,False
PSG_6a93e165bb0940ae,P1643,3,0-17,M,Muhammad D.,m***1@outlook.com,+91-XXXXXX1211,True
PSG_d4c2f16535caa83a,P1644,16,0-17,M,Diya I.,d***1@hotmail.com,+91-XXXXXX1813,True
PSG_abbf26a011521fe6,P1645,87,60+,F,Aditya S.,a***1@yahoo.com,+91-XXXXXX2376,False
PSG_9a0030c32df8b5c9,P1646,57,46-60,F,Ananya G.,a***a@gmail.com,+91-XXXXXX7929,False
PSG_575a190a4a72af70,P1647,75,60+,M,Anika N.,a***r@outlook.com,+91-XXXXXX6005,False
PSG_3428b2f00ea4c443,P1648,12,0-17,M,Arjun A.,a***l@rediffmail.com,+91-XXXXXX8953,True
PSG_630ac781b0a79f76,P1649,74,60+,M,Aditya J.,a***i@rediffmail.com,+91-XXXXXX3965,False
PSG_e4dade53d1f93788,P1650,16,0-17,F,Aadhya M.,a***1@rediffmail.com,+91-XXXXXX0701,True
PSG_e11ea66a7d3c3be7,P1651,72,60+,M,Krishna S.,k***h@yahoo.com,+91-XXXXXX8271,False
PSG_69c686e76ea09d52,P1652,76,60+,M,Aarav C.,a***e@outlook.com,+91-XXXXXX4412,False
PSG_76ded300273b5204,P1653,24,18-30,F,Shaurya R.,s***y@hotmail.com,+91-XXXXXX7642,False
PSG_a46eeb9621719bc3,P1654,28,18-30,M,Ishaan N.,i***r@gmail.com,+91-XXXXXX9345,False
PSG_b2b5b95d3d1cff4b,P1655,8,0-17,M,Aditya S.,a***h@gmail.com,+91-XXXXXX0915,True
PSG_8de0b14fdd8aa00b,P1656,36,31-45,M,Aarav C.,a***e@rediffmail.com,+91-XXXXXX8815,False
PSG_f0911c43c01ef3f2,P1657,8,0-17,F,Sai K.,s***i@yahoo.com,+91-XXXXXX5921,True
PSG_341e1f8f7efe7f3c,P1658,58,46-60,F,Saanvi J.,s***1@hotmail.com,+91-XXXXXX9185,False
PSG_e3c720301fac9aed,P1659,60,46-60,F,Riya M.,r***a@yahoo.com,+91-XXXXXX0197,False
PSG_53a4be9591ffb843,P1660,50,46-60,F,Anika D.,a***1@rediffmail.com,+91-XXXXXX1616,False
PSG_205bfc9459c08527,P1661,28,18-30,F,Krishna N.,k***r@outlook.com,+91-XXXXXX3526,False
PSG_468a1f7f847f4b4b,P1662,41,31-45,F,Ira V.,i***a@gmail.com,+91-XXXXXX4129,False
PSG_11ad78bc4a0765ac,P1663,64,60+,F,Saanvi D.,s***1@rediffmail.com,+91-XXXXXX0077,False
PSG_5590fc1b689b6a9b,P1664,27,18-30,M,Myra N.,m***u@rediffmail.com,+91-XXXXXX0404,False
PSG_9269f8b088e0cfa2,P1665,63,60+,M,Vivaan S.,v***h@hotmail.com,+91-XXXXXX9933,False
PSG_550521f7972ab537,P1666,17,0-17,F,Diya D.,d***s@hotmail.com,+91-XXXXXX5692,True
PSG_808d88b5fcea0068,P1667,73,60+,M,Shaurya A.,s***2@rediffmail.com,+91-XXXXXX2947,False
PSG_d8f2d71f25adc149,P1668,33,31-45,M,Ishaan B.,i***1@outlook.com,+91-XXXXXX9729,False
PSG_74cc5c5f182c0748,P1669,84,60+,F,Myra M.,m***a@outlook.com,+91-XXXXXX2916,False
PSG_1691abe0103c3904,P1670,77,60+,M,Aarav B.,a***e@rediffmail.com,+91-XXXXXX5282,False
PSG_19a0efc104e605b5,P1671,29,18-30,M,Aadhya V.,a***1@outlook.com,+91-XXXXXX4880,False
PSG_2e0fbed3011835b9,P1672,13,0-17,M,Diya J.,d***1@gmail.com,+91-XXXXXX4410,True
PSG_beadec92ddbd5c04,P1673,46,46-60,M,Muhammad D.,m***2@outlook.com,+91-XXXXXX0400,False
PSG_6fa59d7e9f1ae691,P1674,35,31-45,M,Myra A.,m***l@yahoo.com,+91-XXXXXX3407,False
PSG_4c22ae157429e6ca,P1675,6,0-17,F,Myra D.,m***s@gmail.com,+91-XXXXXX9095,True
PSG_d3ae6c243403a2fc,P1676,82,60+,F,Reyansh R.,r***y@rediffmail.com,+91-XXXXXX4901,False
PSG_a39cd6ac5d7aaf97,P1677,69,60+,F,Diya N.,d***u@yahoo.com,+91-XXXXXX3124,False
PSG_3575d14aa53db8b8,P1678,47,46-60,M,Arjun J.,a***i@outlook.com,+91-XXXXXX7147,False
PSG_f47f0f34899e999f,P1679,25,18-30,F,Sai P.,s***1@yahoo.com,+91-XXXXXX4059,False
PSG_f18cc9d101ace797,P1680,66,60+,M,Ira I.,i***1@yahoo.com,+91-XXXXXX2973,False
PSG_933aa806d2c6b820,P1681,10,0-17,M,Anika A.,a***l@yahoo.com,+91-XXXXXX9622,True
PSG_93de86aa32c88a38,P1682,56,46-60,M,Krishna N.,k***1@gmail.com,+91-XXXXXX1815,False
PSG_221dfa7dee1522a7,P1683,30,18-30,M,Arjun D.,a***s@gmail.com,+91-XXXXXX8766,False
PSG_4cacdb56195aa6d4,P1684,5,0-17,F,Kavya B.,k***e@yahoo.com,+91-XXXXXX0205,True
PSG_7072da44f8313c30,P1685,33,31-45,F,Myra G.,m***2@hotmail.com,+91-XXXXXX2815,False
PSG_9584ebe78a1603a2,P1686,65,60+,M,Ishaan K.,i***n@rediffmail.com,+91-XXXXXX1865,False
PSG_a3f57ee38d3ea443,P1687,18,18-30,F,Aadhya P.,a***1@outlook.com,+91-XXXXXX2235,False
PSG_f6f65e1dcd34d7ba,P1688,49,46-60,M,Saanvi G.,s***1@hotmail.com,+91-XXXXXX1296,False
PSG_08a6ecfd046a96a9,P1689,11,0-17,F,Ira P.,i***l@hotmail.com,+91-XXXXXX8529,True
PSG_a3ba9a6b20e5323d,P1690,85,60+,F,Krishna K.,k***i@outlook.com,+91-XXXXXX3356,False
PSG_9d74c3adc19a8c73,P1691,26,18-30,M,Vivaan A.,v***1@hotmail.com,+91-XXXXXX9713,False
PSG_ca58825aa07eeed1,P1692,63,60+,F,Sara V.,s***1@gmail.com,+91-XXXXXX0048,False
PSG_c9c91dd007810a7a,P1693,89,60+,M,Ira G.,i***a@hotmail.com,+91-XXXXXX3751,False
PSG_ea3fa1717f42fcc6,P1694,86,60+,F,Saanvi P.,s***l@outlook.com,+91-XXXXXX9806,False
PSG_2509041f8cb02cdc,P1695,59,46-60,M,Kavya  .,k***r@outlook.com,+91-XXXXXX7949,False
PSG_e9b9dfda833612b6,P1696,27,18-30,M,Riya S.,r***a@gmail.com,+91-XXXXXX0849,False
PSG_6fc1f09c05ae5a1d,P1697,49,46-60,F,Aditya N.,a***r@rediffmail.com,+91-XXXXXX8826,False
PSG_1828303aa68aa0b1,P1698,77,60+,F,Ira N.,i***1@yahoo.com,+91-XXXXXX9972,False
PSG_79dd670f36196611,P1699,33,31-45,M,Vivaan A.,v***2@hotmail.com,+91-XXXXXX1408,False
PSG_1930bf3d1822c493,P1700,1,0-17,F,Kavya P.,k***1@outlook.com,+91-XXXXXX1146,True
PSG_9f7285336d7ea315,P1701,21,18-30,F,Aditya G.,a***a@gmail.com,+91-XXXXXX2915,False
PSG_f8edf4471ee668ee,P1702,55,46-60,M,Aadhya M.,a***2@rediffmail.com,+91-XXXXXX2501,False
PSG_22e763364493b8b1,P1703,6,0-17,M,Aditya J.,a***i@yahoo.com,+91-XXXXXX1983,True
PSG_4db6bbfe54fbe80e,P1704,81,60+,F,Shaurya S.,s***h@rediffmail.com,+91-XXXXXX7514,False
PSG_68a342c0b41941a3,P1705,69,60+,M,Saanvi S.,s***a@hotmail.com,+91-XXXXXX2650,False
PSG_6706f0d15bcc7c14,P1706,5,0-17,M,Arjun P.,a***l@gmail.com,+91-XXXXXX7655,True
PSG_2431d66b6154b9bd,P1707,3,0-17,M,Saanvi D.,s***s@gmail.com,+91-XXXXXX9935,True
PSG_91ea529d2ff8baa0,P1708,53,46-60,F,Anika G.,a***h@rediffmail.com,+91-XXXXXX2693,False
PSG_200e874cf1aedf73,P1709,23,18-30,F,Sai P.,s***l@yahoo.com,+91-XXXXXX4575,False
PSG_841e7209a2992581,P1710,53,46-60,M,Vivaan V.,v***1@hotmail.com,+91-XXXXXX1958,False
PSG_d3d292c8f7379daf,P1711,37,31-45,F,Ira  .,i***i@outlook.com,+91-XXXXXX3722,False
PSG_f695363d8d4c2c37,P1712,74,60+,M,Krishna J.,k***i@rediffmail.com,+91-XXXXXX1598,False
PSG_830a0e935618da10,P1713,74,60+,F,Kavya V.,k***a@rediffmail.com,+91-XXXXXX6300,False
PSG_4765f31499571017,P1714,83,60+,M,Ira J.,i***i@hotmail.com,+91-XXXXXX8247,False
PSG_f78a297b353ed60e,P1715,17,0-17,M,Vivaan M.,v***a@rediffmail.com,+91-XXXXXX0359,True
PSG_eb64654278a8a1a6,P1716,85,60+,F,Shaurya M.,s***2@rediffmail.com,+91-XXXXXX4081,False
PSG_1d04657e2150f324,P1717,78,60+,M,Arjun P.,a***i@outlook.com,+91-XXXXXX4961,False
PSG_a50c55ca99f66e73,P1718,73,60+,F,Aditya J.,a***i@gmail.com,+91-XXXXXX0225,False
PSG_e161378790a019a7,P1719,1,0-17,F,Shaurya G.,s***h@yahoo.com,+91-XXXXXX6985,True
PSG_1ca9062c29edd711,P1720,51,46-60,M,Anika A.,a***1@yahoo.com,+91-XXXXXX7033,False
PSG_25a040c532034a30,P1721,45,31-45,M,Kavya K.,k***i@hotmail.com,+91-XXXXXX3185,False
PSG_91d4fef9a8e69516,P1722,77,60+,F,Shaurya N.,s***1@outlook.com,+91-XXXXXX0816,False
PSG_0338486d65c6cd9c,P1723,4,0-17,M,Kavya I.,k***r@rediffmail.com,+91-XXXXXX4893,True
PSG_ef702bb08040c8d7,P1724,62,60+,M,Myra P.,m***l@yahoo.com,+91-XXXXXX6364,False
PSG_59ada51deb6edc54,P1725,65,60+,M,Aadhya S.,a***h@yahoo.com,+91-XXXXXX5386,False
PSG_50af0baf01127ebb,P1726,32,31-45,M,Muhammad R.,m***y@outlook.com,+91-XXXXXX4817,False
PSG_4f2572849dddadd6,P1727,34,31-45,M,Aadhya D.,a***s@gmail.com,+91-XXXXXX2082,False
PSG_6d2d56d3d89d30cc,P1728,72,60+,F,Ira  .,i***1@yahoo.com,+91-XXXXXX1617,False
PSG_d0f42e10445ba2a1,P1729,39,31-45,F,Aarav N.,a***1@rediffmail.com,+91-XXXXXX3527,False
PSG_b5de11eaa6579643,P1730,26,18-30,M,Myra P.,m***1@yahoo.com,+91-XXXXXX7681,False
PSG_6e15130671c6c5fa,P1731,34,31-45,M,Krishna M.,k***a@rediffmail.com,+91-XXXXXX0347,False
PSG_82087935473403f4,P1732,54,46-60,M,Ira R.,i***y@hotmail.com,+91-XXXXXX2746,False
PSG_3d05825fd2087e82,P1733,3,0-17,F,Anika N.,a***1@rediffmail.com,+91-XXXXXX6188,True
PSG_96d85a9c84a5e375,P1734,50,46-60,M,Aadhya N.,a***2@yahoo.com,+91-XXXXXX8806,False
PSG_e310fc9f01959cd9,P1735,12,0-17,F,Aarav K.,a***i@hotmail.com,+91-XXXXXX0669,True
PSG_559d3b3f2a23d161,P1736,65,60+,F,Aarav N.,a***u@gmail.com,+91-XXXXXX6113,False
PSG_1385f5ae839d8bfd,P1737,54,46-60,F,Ishaan C.,i***e@hotmail.com,+91-XXXXXX1677,False
PSG_516e00fb73dc7153,P1738,5,0-17,M,Ananya P.,a***1@yahoo.com,+91-XXXXXX2191,True
PSG_90a50a7a2732582a,P1739,57,46-60,F,Sai P.,s***1@outlook.com,+91-XXXXXX9713,False
PSG_a3fdd957112c6c4d,P1740,17,0-17,M,Sara C.,s***e@outlook.com,+91-XXXXXX3910,True
PSG_1eaa2e2498aae84f,P1741,47,46-60,F,Anika G.,a***1@rediffmail.com,+91-XXXXXX1742,False
PSG_b737bbba5d917e53,P1742,23,18-30,M,Aditya M.,a***a@hotmail.com,+91-XXXXXX7447,False
PSG_deea2ba9c554bbb0,P1743,79,60+,F,Saanvi M.,s***a@rediffmail.com,+91-XXXXXX7244,False
PSG_a27d82d01a318fb6,P1744,85,60+,M,Saanvi P.,s***i@outlook.com,+91-XXXXXX3824,False
PSG_9d66d1e862b9cf64,P1745,14,0-17,F,Muhammad K.,m***i@gmail.com,+91-XXXXXX9319,True
PSG_d7277813d1fc2c2c,P1746,66,60+,M,Aarav M.,a***a@outlook.com,+91-XXXXXX5891,False
PSG_dccf2510faeaf1f2,P1747,75,60+,M,Kavya J.,k***i@gmail.com,+91-XXXXXX7317,False
PSG_d1f5a2dd8770e990,P1748,51,46-60,M,Sara S.,s***1@hotmail.com,+91-XXXXXX3959,False
PSG_c7cecbd07c39e673,P1749,38,31-45,M,Sara A.,s***1@rediffmail.com,+91-XXXXXX4202,False
PSG_8cc0bd96bd9518b5,P1750,64,60+,F,Ananya V.,a***a@outlook.com,+91-XXXXXX3535,False
PSG_f5702cda9bcb3605,P1751,38,31-45,F,Sai R.,s***y@hotmail.com,+91-XXXXXX4119,False
PSG_922926a356a15f6b,P1752,50,46-60,M,Ira S.,i***h@outlook.com,+91-XXXXXX4256,False
PSG_79c04877da24b313,P1753,82,60+,F,Diya R.,d***y@hotmail.com,+91-XXXXXX5743,False
PSG_a38fd1f05f97a457,P1754,30,18-30,M,Arjun G.,a***a@gmail.com,+91-XXXXXX6530,False
PSG_ca5abfe8d4341a46,P1755,79,60+,M,Reyansh V.,r***a@hotmail.com,+91-XXXXXX3403,False
PSG_f56b5845c676bdac,P1756,51,46-60,F,Ira N.,i***1@rediffmail.com,+91-XXXXXX6473,False
PSG_b7544e8b848453dd,P1757,63,60+,M,Anika G.,a***2@rediffmail.com,+91-XXXXXX3993,False
PSG_0ea470ad4ce9c275,P1758,52,46-60,M,Shaurya A.,s***3@rediffmail.com,+91-XXXXXX7238,False
PSG_38cd9243dea74ca2,P1759,38,31-45,F,Vivaan P.,v***i@rediffmail.com,+91-XXXXXX3943,False
PSG_b99bcb32c95b73e9,P1760,88,60+,M,Sai A.,s***l@outlook.com,+91-XXXXXX3255,False
PSG_7a0c1c0fd971e26f,P1761,79,60+,M,Myra J.,m***1@yahoo.com,+91-XXXXXX6972,False
PSG_e5bb9805782e906d,P1762,30,18-30,M,Sara N.,s***r@rediffmail.com,+91-XXXXXX0057,False
PSG_bc73fa956f9fb78a,P1763,51,46-60,M,Sara P.,s***l@gmail.com,+91-XXXXXX8560,False
PSG_d975c3a016e556ed,P1764,81,60+,F,Myra G.,m***2@hotmail.com,+91-XXXXXX9023,False
PSG_a440122036e58f0a,P1765,5,0-17,F,Saanvi G.,s***a@yahoo.com,+91-XXXXXX9088,True
PSG_4e8947d0b96fe2e7,P1766,29,18-30,F,Ira B.,i***e@gmail.com,+91-XXXXXX4681,False
PSG_20a750d5f688ecfc,P1767,4,0-17,M,Sai S.,s***h@rediffmail.com,+91-XXXXXX8074,True
PSG_130fb60cd23c924a,P1768,10,0-17,M,Krishna G.,k***h@gmail.com,+91-XXXXXX6405,True
PSG_2ec69dfb7aa3ccb9,P1769,56,46-60,F,Aditya G.,a***h@yahoo.com,+91-XXXXXX7000,False
PSG_d4be194ee4d38f65,P1770,17,0-17,M,Myra M.,m***1@yahoo.com,+91-XXXXXX5620,True
PSG_343def0a93e1eb06,P1771,74,60+,M,Kavya R.,k***y@hotmail.com,+91-XXXXXX7184,False
PSG_9f38dc6c88d22152,P1772,17,0-17,M,Sai C.,s***1@hotmail.com,+91-XXXXXX3896,True
PSG_d3bfec981679425e,P1773,84,60+,M,Saanvi S.,s***1@hotmail.com,+91-XXXXXX8571,False
PSG_a0fd5d61e8cf347f,P1774,88,60+,F,Aditya G.,a***1@yahoo.com,+91-XXXXXX8542,False
PSG_295c4d82ef2e1911,P1775,69,60+,F,Kavya D.,k***s@hotmail.com,+91-XXXXXX2258,False
PSG_a0d807ad198bf318,P1776,34,31-45,F,Ananya B.,a***e@rediffmail.com,+91-XXXXXX2289,False
PSG_965fbecd60073afc,P1777,6,0-17,M,Arjun S.,a***a@hotmail.com,+91-XXXXXX1597,True
PSG_151a1561b2526b92,P1778,53,46-60,F,Krishna V.,k***1@gmail.com,+91-XXXXXX6140,False
PSG_77d5c4de38a22d79,P1779,66,60+,F,Muhammad N.,m***u@rediffmail.com,+91-XXXXXX9789,False
PSG_89b6f6b4f3167dbd,P1780,77,60+,M,Reyansh N.,r***1@rediffmail.com,+91-XXXXXX8933,False
PSG_2a8332bee88d5ca3,P1781,43,31-45,M,Arjun S.,a***1@hotmail.com,+91-XXXXXX2642,False
PSG_f471828f4feef49d,P1782,75,60+,F,Sara N.,s***1@outlook.com,+91-XXXXXX4290,False
PSG_0f4488afe50925e8,P1783,23,18-30,F,Anika K.,a***i@gmail.com,+91-XXXXXX1918,False
PSG_8a596134df58240c,P1784,55,46-60,F,Ira K.,i***i@hotmail.com,+91-XXXXXX5234,False
PSG_48d3098fe0da0450,P1785,80,60+,F,Aadhya K.,a***1@yahoo.com,+91-XXXXXX1420,False
PSG_3cad1ba4399b433c,P1786,75,60+,M,Krishna V.,k***1@hotmail.com,+91-XXXXXX1325,False
PSG_a3b31a6152e17b7a,P1787,16,0-17,F,Reyansh M.,r***a@gmail.com,+91-XXXXXX3612,True
PSG_594ee61399f50e9b,P1788,8,0-17,F,Reyansh M.,r***a@rediffmail.com,+91-XXXXXX9366,True
PSG_44e094b33bc879bc,P1789,4,0-17,M,Anika G.,a***1@outlook.com,+91-XXXXXX6021,True
PSG_3b784b2850ddb285,P1790,4,0-17,F,Sai B.,s***2@yahoo.com,+91-XXXXXX7395,True
PSG_83f185f659eb1d68,P1791,56,46-60,M,Ananya J.,a***1@outlook.com,+91-XXXXXX5166,False
PSG_815bccd4152330cf,P1792,25,18-30,M,Ishaan C.,i***1@rediffmail.com,+91-XXXXXX0063,False
PSG_4590d7acdf0b3815,P1793,67,60+,M,Anika J.,a***i@hotmail.com,+91-XXXXXX1740,False
PSG_400c13d9aca80d5c,P1794,67,60+,F,Krishna J.,k***1@hotmail.com,+91-XXXXXX1695,False
PSG_7b40c16a71bcd6e4,P1795,27,18-30,F,Sara C.,s***1@hotmail.com,+91-XXXXXX5063,False
PSG_a8df2f386d990a57,P1796,32,31-45,M,Diya A.,d***l@gmail.com,+91-XXXXXX9566,False
PSG_458dfa6ad52a7d98,P1797,50,46-60,F,Anika J.,a***3@yahoo.com,+91-XXXXXX1347,False
PSG_d5a48978bd90bb9d,P1798,61,60+,F,Aarav M.,a***1@outlook.com,+91-XXXXXX4710,False
PSG_0cf803f2b332c240,P1799,51,46-60,M,Muhammad S.,m***h@outlook.com,+91-XXXXXX4224,False
PSG_58216c6cd3878478,P1800,19,18-30,M,Reyansh J.,r***i@yahoo.com,+91-XXXXXX5515,False
PSG_d01f253736cc7930,P1801,21,18-30,F,Arjun S.,a***a@rediffmail.com,+91-XXXXXX8632,False
PSG_6dbfb9ae21967601,P1802,5,0-17,M,Myra G.,m***a@rediffmail.com,+91-XXXXXX4141,True
PSG_80e12e40864fdf9e,P1803,82,60+,F,Krishna S.,k***h@outlook.com,+91-XXXXXX0563,False
PSG_e7975a2d542d8938,P1804,42,31-45,F,Muhammad B.,m***e@outlook.com,+91-XXXXXX2930,False
PSG_db08ab3aaf6e7ea3,P1805,61,60+,F,Kavya P.,k***l@yahoo.com,+91-XXXXXX5965,False
PSG_4daa1f09573787b9,P1806,22,18-30,F,Sai G.,s***h@rediffmail.com,+91-XXXXXX2034,False
PSG_5fae27796c60e11a,P1807,21,18-30,M,Aadhya K.,a***i@gmail.com,+91-XXXXXX8145,False
PSG_c86b2d1270e4ab76,P1808,70,60+,M,Aditya J.,a***1@outlook.com,+91-XXXXXX9993,False
PSG_e7c01e32c8aa9f12,P1809,1,0-17,M,Diya M.,d***2@gmail.com,+91-XXXXXX5514,True
PSG_e68e902952042dba,P1810,5,0-17,M,Ishaan N.,i***u@rediffmail.com,+91-XXXXXX6236,True
PSG_74426589f7e33e9d,P1811,12,0-17,F,Muhammad B.,m***e@gmail.com,+91-XXXXXX1549,True
PSG_3a5da39806f09743,P1812,46,46-60,F,Muhammad P.,m***l@yahoo.com,+91-XXXXXX0681,False
PSG_0feab23ffe94d7c8,P1813,34,31-45,M,Kavya J.,k***1@hotmail.com,+91-XXXXXX5954,False
PSG_c90e77e6fb97dac0,P1814,49,46-60,F,Reyansh P.,r***1@outlook.com,+91-XXXXXX5575,False
PSG_c3ade33bab7d6521,P1815,78,60+,F,Myra A.,m***l@gmail.com,+91-XXXXXX6885,False
PSG_4235d4bb9c46b632,P1816,45,31-45,F,Shaurya J.,s***i@gmail.com,+91-XXXXXX3760,False
PSG_4bdc85806f98bbf7,P1817,27,18-30,M,Reyansh P.,r***l@rediffmail.com,+91-XXXXXX0534,False
PSG_287e5decc7f497a0,P1818,73,60+,M,Aditya D.,a***1@hotmail.com,+91-XXXXXX3476,False
PSG_66ca9a98a4d1b680,P1819,26,18-30,M,Vivaan J.,v***1@hotmail.com,+91-XXXXXX9588,False
PSG_9fd59d4fc83373a6,P1820,47,46-60,F,Myra B.,m***1@gmail.com,+91-XXXXXX3004,False
PSG_19a84d7a295910a2,P1821,86,60+,M,Aadhya P.,a***2@outlook.com,+91-XXXXXX7727,False
PSG_cb454e5fa7fe8866,P1822,56,46-60,M,Ira A.,i***l@yahoo.com,+91-XXXXXX5531,False
PSG_963a125aca5d1f72,P1823,63,60+,M,Reyansh B.,r***e@hotmail.com,+91-XXXXXX0594,False
PSG_a8fa501807540449,P1824,48,46-60,M,Ira A.,i***l@rediffmail.com,+91-XXXXXX2212,False
PSG_0ebad3f89464262d,P1825,61,60+,M,Ishaan I.,i***2@outlook.com,+91-XXXXXX6943,False
PSG_99d45b116e064087,P1826,81,60+,M,Ananya A.,a***l@gmail.com,+91-XXXXXX1192,False
PSG_c348a578dd25b30b,P1827,26,18-30,F,Ananya K.,a***n@gmail.com,+91-XXXXXX8471,False
PSG_950561808e25aca0,P1828,36,31-45,F,Reyansh B.,r***2@outlook.com,+91-XXXXXX5388,False
PSG_b3055d1bd51f5dbd,P1829,1,0-17,M,Ananya R.,a***1@rediffmail.com,+91-XXXXXX1709,True
PSG_0d5b5e7cf493aedc,P1830,8,0-17,M,Myra J.,m***i@outlook.com,+91-XXXXXX0065,True
PSG_827ea601b700652b,P1831,52,46-60,F,Diya B.,d***1@yahoo.com,+91-XXXXXX3849,False
PSG_4fbac99712db5a29,P1832,79,60+,F,Kavya B.,k***e@hotmail.com,+91-XXXXXX7289,False
PSG_1f449667c6d8e461,P1833,47,46-60,M,Aadhya D.,a***1@yahoo.com,+91-XXXXXX4854,False
PSG_fbbeb91f81b79b4f,P1834,56,46-60,M,Riya S.,r***h@rediffmail.com,+91-XXXXXX6903,False
PSG_9d8401a0ce6e9efb,P1835,86,60+,M,Ishaan N.,i***1@hotmail.com,+91-XXXXXX7726,False
PSG_4392bea15d234991,P1836,14,0-17,M,Saanvi C.,s***e@outlook.com,+91-XXXXXX6189,True
PSG_2335ab7bfe977a09,P1837,28,18-30,F,Ananya G.,a***a@hotmail.com,+91-XXXXXX1535,False
PSG_93a941431d3207a1,P1838,87,60+,M,Ishaan K.,i***2@outlook.com,+91-XXXXXX0167,False
PSG_fa8aa99dadef34d4,P1839,78,60+,M,Ishaan N.,i***2@yahoo.com,+91-XXXXXX1690,False
PSG_589a95f5a653a923,P1840,88,60+,M,Aditya J.,a***1@gmail.com,+91-XXXXXX5512,False
PSG_319988137a8aaac3,P1841,2,0-17,M,Diya D.,d***1@hotmail.com,+91-XXXXXX1584,True
PSG_a4834931c560888d,P1842,26,18-30,F,Ira B.,i***e@yahoo.com,+91-XXXXXX0042,False
PSG_b0d709c870a36f8f,P1843,14,0-17,F,Vivaan P.,v***l@rediffmail.com,+91-XXXXXX3949,True
PSG_0a3cdbd8a9498f44,P1844,59,46-60,F,Vivaan P.,v***1@rediffmail.com,+91-XXXXXX4641,False
PSG_49c2add21e447d2f,P1845,56,46-60,M,Aadhya S.,a***a@hotmail.com,+91-XXXXXX1850,False
PSG_ab1cba8a3bc34368,P1846,7,0-17,M,Vivaan V.,v***a@rediffmail.com,+91-XXXXXX0238,True
PSG_8fc5128c283d1d3e,P1847,3,0-17,F,Ananya A.,a***l@rediffmail.com,+91-XXXXXX9762,True
PSG_ee7c2fc243e2df4d,P1848,23,18-30,M,Kavya R.,k***1@hotmail.com,+91-XXXXXX4623,False
PSG_e205d9e16a156569,P1849,18,18-30,M,Anika N.,a***1@outlook.com,+91-XXXXXX8711,False
PSG_2c67188fba5cb5c5,P1850,38,31-45,F,Aarav A.,a***l@outlook.com,+91-XXXXXX1423,False
PSG_c416758517cde008,P1851,15,0-17,F,Reyansh P.,r***1@gmail.com,+91-XXXXXX0532,True
PSG_1b633c2db0881f94,P1852,64,60+,F,Sai G.,s***a@gmail.com,+91-XXXXXX2752,False
PSG_8aa4ea025c79d872,P1853,89,60+,F,Diya A.,d***l@yahoo.com,+91-XXXXXX8441,False
PSG_9d06afe1e1cd2be0,P1854,28,18-30,M,Kavya B.,k***1@yahoo.com,+91-XXXXXX9665,False
PSG_9eab4f02ad57d6b5,P1855,74,60+,M,Muhammad N.,m***u@yahoo.com,+91-XXXXXX8081,False
PSG_a728b225380cc4e6,P1856,39,31-45,F,Diya K.,d***n@yahoo.com,+91-XXXXXX3440,False
PSG_4efd389baa782880,P1857,57,46-60,M,Ira K.,i***n@gmail.com,+91-XXXXXX9890,False
PSG_d6e6dc9280dab1f8,P1858,17,0-17,F,myra G.,m***1@gmail.com,+91-XXXXXX0516,True
PSG_41d7d7d83c5bb81e,P1859,86,60+,F,Shaurya K.,s***n@rediffmail.com,+91-XXXXXX3093,False
PSG_1557a87fd264e7b2,P1860,44,31-45,M,Sara C.,s***e@yahoo.com,+91-XXXXXX8307,False
PSG_1ff4fae101ff00f7,P1861,25,18-30,F,Ananya M.,a***1@rediffmail.com,+91-XXXXXX7448,False
PSG_09e5a6bd0076e751,P1862,17,0-17,M,Diya J.,d***2@rediffmail.com,+91-XXXXXX9944,True
PSG_2aa9a0e93bad5b36,P1863,13,0-17,M,Diya A.,d***l@hotmail.com,+91-XXXXXX8259,True
PSG_57f740298d2677ca,P1864,84,60+,M,Anika S.,a***h@rediffmail.com,+91-XXXXXX6848,False
PSG_10aa72628c80da94,P1865,25,18-30,M,Ishaan M.,i***a@yahoo.com,+91-XXXXXX1549,False
PSG_a350d8cdba959d3b,P1866,68,60+,F,Ishaan G.,i***1@outlook.com,+91-XXXXXX3453,False
PSG_d548d656d535b206,P1867,10,0-17,M,Kavya D.,k***s@outlook.com,+91-XXXXXX4359,True
PSG_37610609bde45a96,P1868,67,60+,F,Myra P.,m***l@gmail.com,+91-XXXXXX8281,False
PSG_f7dc7fb2f0a83817,P1869,18,18-30,F,Ira R.,i***1@hotmail.com,+91-XXXXXX4753,False
PSG_59e12b2731023904,P1870,86,60+,F,Reyansh P.,r***l@hotmail.com,+91-XXXXXX7767,False
PSG_6449534380832879,P1871,34,31-45,F,Ananya K.,a***i@yahoo.com,+91-XXXXXX9054,False
PSG_c45e9407751bbc9e,P1872,8,0-17,M,Krishna J.,k***2@hotmail.com,+91-XXXXXX8755,True
PSG_905c226ad398704d,P1873,40,31-45,M,Shaurya R.,s***1@rediffmail.com,+91-XXXXXX3551,False
PSG_e854587c82c3c9b2,P1874,83,60+,F,Muhammad N.,m***1@outlook.com,+91-XXXXXX2200,False
PSG_6410f124634c7b98,P1875,42,31-45,F,Ishaan  .,i***1@rediffmail.com,+91-XXXXXX4355,False
PSG_3f72a0c26d270e6a,P1876,41,31-45,M,Arjun G.,a***1@outlook.com,+91-XXXXXX2690,False
PSG_0aaaa6fc436f73e3,P1877,6,0-17,F,Ananya K.,a***1@gmail.com,+91-XXXXXX5640,True
PSG_4f8cd83d96d229a9,P1878,52,46-60,M,Kavya S.,k***a@yahoo.com,+91-XXXXXX1319,False
PSG_797520f587701ea4,P1879,26,18-30,F,Arjun K.,a***i@yahoo.com,+91-XXXXXX4873,False
PSG_63435f0bffb0f8d6,P1880,64,60+,M,Reyansh K.,r***1@gmail.com,+91-XXXXXX3412,False
PSG_7effd59ae17626e0,P1881,59,46-60,F,Shaurya G.,s***1@hotmail.com,+91-XXXXXX5950,False
PSG_156253c626fc9b9a,P1882,56,46-60,F,Krishna G.,k***h@rediffmail.com,+91-XXXXXX9026,False
PSG_65fa162c86eb6a19,P1883,59,46-60,M,Riya C.,r***e@rediffmail.com,+91-XXXXXX6186,False
PSG_2048a2733291face,P1884,70,60+,F,Ananya C.,a***e@outlook.com,+91-XXXXXX6573,False
PSG_fe510f5b1cd53590,P1885,33,31-45,F,Ira C.,i***e@yahoo.com,+91-XXXXXX4107,False
PSG_59790a5da4b16bd9,P1886,53,46-60,M,Diya P.,d***1@hotmail.com,+91-XXXXXX0042,False
PSG_6d73b5e6038c5e17,P1887,22,18-30,F,Ira G.,i***a@yahoo.com,+91-XXXXXX5406,False
PSG_2091cc55a664e4c4,P1888,21,18-30,M,Muhammad N.,m***u@hotmail.com,+91-XXXXXX7507,False
PSG_aa96c9471879f7eb,P1889,70,60+,M,Aadhya P.,a***l@hotmail.com,+91-XXXXXX5986,False
PSG_6f3a4334be14ba80,P1890,70,60+,F,Reyansh S.,r***a@gmail.com,+91-XXXXXX6275,False
PSG_81999962824824f4,P1891,4,0-17,F,Shaurya B.,s***1@yahoo.com,+91-XXXXXX5469,True
PSG_61d9a8d54d407bb1,P1892,75,60+,F,Aadhya M.,a***1@gmail.com,+91-XXXXXX6877,False
PSG_1e275aa577ace26b,P1893,62,60+,F,Ananya N.,a***r@gmail.com,+91-XXXXXX5151,False
PSG_9290e543d27a5e94,P1894,62,60+,F,Krishna N.,k***u@gmail.com,+91-XXXXXX6118,False
PSG_5af512c93779361b,P1895,24,18-30,F,Riya K.,r***i@rediffmail.com,+91-XXXXXX0074,False
PSG_03dc55e8d36ecc6a,P1896,55,46-60,F,Saanvi K.,s***1@yahoo.com,+91-XXXXXX8745,False
PSG_8ca69bf90cb3eba6,P1897,9,0-17,M,Krishna M.,k***a@outlook.com,+91-XXXXXX8928,True
PSG_33a3a4b54a0af5db,P1898,3,0-17,F,Shaurya S.,s***h@hotmail.com,+91-XXXXXX0386,True
PSG_3dcd59045b0a6e2a,P1899,31,31-45,M,Shaurya G.,s***h@gmail.com,+91-XXXXXX1137,False
PSG_920cf82b83a61392,P1900,40,31-45,F,Riya I.,r***r@hotmail.com,+91-XXXXXX5959,False
PSG_3ec07e0a06a4f30a,P1901,36,31-45,F,Aarav P.,a***l@hotmail.com,+91-XXXXXX1415,False
PSG_2e9370d70c6b3993,P1902,24,18-30,M,Vivaan P.,v***i@hotmail.com,+91-XXXXXX9511,False
PSG_22ad80c3cb95137f,P1903,6,0-17,F,Aarav N.,a***r@yahoo.com,+91-XXXXXX3742,True
PSG_b184138c17ef1243,P1904,66,60+,F,Shaurya J.,s***1@rediffmail.com,+91-XXXXXX4283,False
PSG_194d60755f589b78,P1905,84,60+,M,Vivaan P.,v***2@rediffmail.com,+91-XXXXXX8723,False
PSG_01e1de34c5cd3bcc,P1906,75,60+,F,Sai C.,s***2@hotmail.com,+91-XXXXXX5484,False
PSG_293a684be7a481e2,P1907,4,0-17,F,Sai S.,s***a@outlook.com,+91-XXXXXX5498,True
PSG_fad40af83027e01e,P1908,79,60+,F,Aadhya S.,a***a@rediffmail.com,+91-XXXXXX6016,False
PSG_a59daad3d88cce5e,P1909,6,0-17,M,Ananya C.,a***e@rediffmail.com,+91-XXXXXX1903,True
PSG_f78c0a5a574c5950,P1910,51,46-60,F,Krishna S.,k***1@hotmail.com,+91-XXXXXX4444,False
PSG_14fb0c41dbf082c5,P1911,62,60+,F,Shaurya J.,s***2@rediffmail.com,+91-XXXXXX7962,False
PSG_460973317b247053,P1912,57,46-60,F,Diya  .,d***i@gmail.com,+91-XXXXXX5867,False
PSG_6c0ad61eab2cf224,P1913,66,60+,F,Ananya N.,a***1@hotmail.com,+91-XXXXXX6118,False
PSG_bc56e5f89945651a,P1914,79,60+,M,Diya B.,d***e@gmail.com,+91-XXXXXX3248,False
PSG_144964ef07138bad,P1915,75,60+,M,Sai P.,s***l@outlook.com,+91-XXXXXX4209,False
PSG_4ac3fbd2b32b992c,P1916,8,0-17,F,Myra D.,m***1@gmail.com,+91-XXXXXX4295,True
PSG_e94786b9e4cdad30,P1917,26,18-30,F,Krishna G.,k***a@gmail.com,+91-XXXXXX9920,False
PSG_836128358b546d96,P1918,51,46-60,M,Ananya G.,a***h@gmail.com,+91-XXXXXX2308,False
PSG_2e1e42c383fa6576,P1919,45,31-45,M,Aarav I.,a***r@rediffmail.com,+91-XXXXXX8262,False
PSG_4372bde5ec19b83e,P1920,44,31-45,F,Reyansh A.,r***l@outlook.com,+91-XXXXXX5140,False
PSG_a7c57607f46a45de,P1921,5,0-17,M,Ishaan C.,i***1@hotmail.com,+91-XXXXXX6961,True
PSG_8b9a3008990c437a,P1922,70,60+,F,Aditya G.,a***1@outlook.com,+91-XXXXXX6172,False
PSG_252862fff1fd7964,P1923,26,18-30,M,Sai G.,s***a@rediffmail.com,+91-XXXXXX8545,False
PSG_58520f79371e7f94,P1924,68,60+,M,Anika R.,a***y@outlook.com,+91-XXXXXX7670,False
PSG_16f362a596dcf148,P1925,19,18-30,M,Diya N.,d***u@outlook.com,+91-XXXXXX2816,False
PSG_aa4caefdecfbeaf7,P1926,84,60+,M,Krishna I.,k***r@outlook.com,+91-XXXXXX6858,False
PSG_7f443edb4d02580a,P1927,20,18-30,F,Sai R.,s***y@gmail.com,+91-XXXXXX2199,False
PSG_b7a34fd550df9a95,P1928,12,0-17,M,Shaurya A.,s***l@gmail.com,+91-XXXXXX8473,True
PSG_0b5253d398886efe,P1929,47,46-60,M,Aarav S.,a***a@hotmail.com,+91-XXXXXX3649,False
PSG_b808dbc7fb65f688,P1930,1,0-17,F,Vivaan G.,v***a@gmail.com,+91-XXXXXX5834,True
PSG_1bb01808b71f2c61,P1931,14,0-17,M,Arjun V.,a***a@gmail.com,+91-XXXXXX6808,True
PSG_d25585f2c06c5106,P1932,64,60+,M,Ira G.,i***a@outlook.com,+91-XXXXXX2108,False
PSG_f29385d5d4b9f8d2,P1933,38,31-45,F,Ira K.,i***n@yahoo.com,+91-XXXXXX9456,False
PSG_0b3929cce40ed8f1,P1934,37,31-45,M,Shaurya V.,s***1@rediffmail.com,+91-XXXXXX6116,False
PSG_bdd8aae9ce2f0618,P1935,11,0-17,F,Myra K.,m***i@yahoo.com,+91-XXXXXX7747,True
PSG_a0f4f9e2d8f17917,P1936,77,60+,F,Riya V.,r***a@outlook.com,+91-XXXXXX0123,False
PSG_be020ad50dedbf61,P1937,3,0-17,F,Anika G.,a***1@outlook.com,+91-XXXXXX5036,True
PSG_6248aa1b8ffbc165,P1938,33,31-45,F,Reyansh J.,r***i@outlook.com,+91-XXXXXX0771,False
PSG_c59f81e0518c166e,P1939,6,0-17,M,Reyansh M.,r***a@outlook.com,+91-XXXXXX8439,True
PSG_ef52c0cecca53002,P1940,50,46-60,F,Reyansh R.,r***1@outlook.com,+91-XXXXXX9762,False
PSG_90eac4e0763fb0fe,P1941,10,0-17,M,Riya N.,r***u@gmail.com,+91-XXXXXX3602,True
PSG_613a164920f3d260,P1942,5,0-17,M,Riya P.,r***i@hotmail.com,+91-XXXXXX1910,True
PSG_8b2667414fcb8df3,P1943,23,18-30,M,Shaurya N.,s***u@gmail.com,+91-XXXXXX7550,False
PSG_ea68b82c00a4b612,P1944,10,0-17,M,Riya G.,r***1@gmail.com,+91-XXXXXX7555,True
PSG_e1483802705b5b4d,P1945,44,31-45,M,Riya V.,r***a@rediffmail.com,+91-XXXXXX5227,False
PSG_e46700cf6408f1e8,P1946,2,0-17,M,Aditya M.,a***1@yahoo.com,+91-XXXXXX1106,True
PSG_0aada988e6b5b0c2,P1947,13,0-17,M,Muhammad S.,m***a@gmail.com,+91-XXXXXX1380,True
PSG_ef18a8a7aba5e8e1,P1948,40,31-45,M,Ishaan V.,i***a@hotmail.com,+91-XXXXXX0378,False
PSG_a3af87c5055994ee,P1949,2,0-17,M,Saanvi G.,s***h@hotmail.com,+91-XXXXXX1333,True
PSG_7da8e228efbda462,P1950,84,60+,M,Arjun M.,a***a@gmail.com,+91-XXXXXX3480,False
PSG_cb84d71e0bff6f8b,P1951,65,60+,F,Vivaan B.,v***e@outlook.com,+91-XXXXXX8785,False
PSG_afc455dddad2d9e1,P1952,63,60+,F,Myra D.,m***s@yahoo.com,+91-XXXXXX4596,False
PSG_53623bade0776c84,P1953,73,60+,F,Kavya I.,k***1@outlook.com,+91-XXXXXX7590,False
PSG_9b2da68fc8be4de0,P1954,17,0-17,M,Anika A.,a***l@outlook.com,+91-XXXXXX1181,True
PSG_47835134265fcadc,P1955,9,0-17,F,Aarav D.,a***s@rediffmail.com,+91-XXXXXX2059,True
PSG_1b18ec8f6f4e8409,P1956,75,60+,F,Aarav I.,a***1@rediffmail.com,+91-XXXXXX9395,False
PSG_fb295595d289af33,P1957,15,0-17,F,Ishaan V.,i***a@rediffmail.com,+91-XXXXXX7845,True
PSG_852f6a70f833976b,P1958,24,18-30,M,Arjun G.,a***h@rediffmail.com,+91-XXXXXX2887,False
PSG_a13f29d012eddb76,P1959,38,31-45,M,Sai K.,s***n@outlook.com,+91-XXXXXX0101,False
PSG_87bda765b340ff0b,P1960,35,31-45,M,Kavya M.,k***a@hotmail.com,+91-XXXXXX8616,False
PSG_10357556092d1315,P1961,49,46-60,M,Muhammad I.,m***r@hotmail.com,+91-XXXXXX2800,False
PSG_1be776ddcffe1502,P1962,69,60+,F,Krishna S.,k***h@hotmail.com,+91-XXXXXX6149,False
PSG_987a822eb3ad4d5f,P1963,62,60+,F,Sara P.,s***i@outlook.com,+91-XXXXXX4685,False
PSG_237b9050871d4b75,P1964,60,46-60,F,Shaurya V.,s***a@gmail.com,+91-XXXXXX2580,False
PSG_a389abe8a7cf308f,P1965,50,46-60,F,Aarav B.,a***e@hotmail.com,+91-XXXXXX1852,False
PSG_15907c5fb3d44b97,P1966,78,60+,M,Riya S.,r***h@gmail.com,+91-XXXXXX9106,False
PSG_d2bd5a6faa855175,P1967,75,60+,M,Ananya I.,a***r@yahoo.com,+91-XXXXXX5591,False
PSG_9effbfa2e2fa8a88,P1968,9,0-17,M,Shaurya P.,s***1@gmail.com,+91-XXXXXX9607,True
PSG_1455cb3b8c5529ca,P1969,34,31-45,F,Shaurya C.,s***e@gmail.com,+91-XXXXXX3752,False
PSG_d86706954a541e72,P1970,76,60+,M,Vivaan V.,v***a@yahoo.com,+91-XXXXXX4153,False
PSG_60b1b70b16f3c055,P1971,35,31-45,M,Vivaan G.,v***1@yahoo.com,+91-XXXXXX1620,False
PSG_efea114579895a96,P1972,1,0-17,F,Aditya J.,a***2@gmail.com,+91-XXXXXX4025,True
PSG_5ffbd865fd7cabb6,P1973,40,31-45,F,Kavya M.,k***1@yahoo.com,+91-XXXXXX4480,False
PSG_1fea9896bc9df6c8,P1974,64,60+,M,Kavya M.,k***1@gmail.com,+91-XXXXXX6098,False
PSG_b80fa2da5c1863ff,P1975,22,18-30,M,Riya P.,r***l@gmail.com,+91-XXXXXX0408,False
PSG_72e620f1598bac4b,P1976,60,46-60,M,Reyansh K.,r***n@hotmail.com,+91-XXXXXX6986,False
PSG_0e0f5939d985d3cd,P1977,64,60+,M,Shaurya J.,s***2@outlook.com,+91-XXXXXX3412,False
PSG_39c20f25fd7c2ab3,P1978,72,60+,M,Vivaan S.,v***a@hotmail.com,+91-XXXXXX1192,False
PSG_b93b49454f690783,P1979,11,0-17,M,Kavya G.,k***a@yahoo.com,+91-XXXXXX0295,True
PSG_c6649943dcac10cf,P1980,14,0-17,F,Arjun G.,a***h@hotmail.com,+91-XXXXXX7212,True
PSG_bfd4a6f0c87d17b3,P1981,60,46-60,F,Diya G.,d***a@yahoo.com,+91-XXXXXX8818,False
PSG_40337841e8c843da,P1982,30,18-30,F,Aadhya D.,a***2@yahoo.com,+91-XXXXXX3389,False
PSG_8fa4e6fd8fac1983,P1983,35,31-45,M,Muhammad K.,m***n@outlook.com,+91-XXXXXX8137,False
PSG_b5a6068a3c262a3c,P1984,85,60+,F,Ishaan S.,i***1@hotmail.com,+91-XXXXXX8650,False
PSG_364b3ec5123733c6,P1985,37,31-45,M,Aadhya N.,a***r@outlook.com,+91-XXXXXX0578,False
PSG_22ed797756167daf,P1986,5,0-17,M,Diya K.,d***n@gmail.com,+91-XXXXXX8394,True
PSG_fb45dd94e0ec2c16,P1987,83,60+,F,Saanvi P.,s***l@gmail.com,+91-XXXXXX1041,False
PSG_5ddc2eba4ee16304,P1988,78,60+,M,Kavya I.,k***r@hotmail.com,+91-XXXXXX6243,False
PSG_8e184e0dc06822b8,P1989,26,18-30,M,Reyansh C.,r***e@outlook.com,+91-XXXXXX2352,False
PSG_a66a4d2b6c18800c,P1990,62,60+,F,Arjun A.,a***l@yahoo.com,+91-XXXXXX8953,False
PSG_21f591e39a0f4f41,P1991,4,0-17,F,Aarav S.,a***a@rediffmail.com,+91-XXXXXX5354,True
PSG_0aaa3006d182145e,P1992,89,60+,F,Diya S.,d***h@hotmail.com,+91-XXXXXX9636,False
PSG_6d1896a0dc72f12d,P1993,42,31-45,M,Muhammad N.,m***1@rediffmail.com,+91-XXXXXX0435,False
PSG_a81c6101d5c375b1,P1994,89,60+,F,Diya K.,d***1@hotmail.com,+91-XXXXXX8553,False
PSG_0a07ba89faea51ba,P1995,18,18-30,F,Arjun V.,a***1@gmail.com,+91-XXXXXX0502,False
PSG_c6b91e2c4fe07199,P1996,40,31-45,M,Ira N.,i***r@gmail.com,+91-XXXXXX9487,False
PSG_0e7dc1a026c8b734,P1997,72,60+,F,Aadhya R.,a***y@rediffmail.com,+91-XXXXXX0262,False
PSG_b96633293f1cd6a7,P1998,39,31-45,F,Shaurya K.,s***i@gmail.com,+91-XXXXXX9851,False
PSG_f08b466607c00d9d,P1999,14,0-17,F,Ananya P.,a***2@yahoo.com,+91-XXXXXX9290,True
