booking_sk,booking_id,flight_sk,passenger_sk,status_key,booking_date_key,seat_number
1,B1000,463,PSG_c2829255fd5b1448,1,20250614,3D
2,B1001,26,PSG_80e12e40864fdf9e,1,20251102,18A
3,B1002,536,PSG_da24c296e857b990,1,20250825,30C
4,B1003,340,PSG_6b8dafc310773343,2,20251230,33A
5,B1004,776,PSG_fe510f5b1cd53590,4,20251002,25C
6,B1005,319,PSG_c5e1fea8b018e1da,2,20250831,13D
7,B1006,411,PSG_8fd88dcb5529e388,1,20250629,17F
8,B1007,940,PSG_93a941431d3207a1,2,20260312,22E
9,B1008,516,PSG_cd9ef48f9f0c0821,4,20250907,34F
10,B1009,684,PSG_68051a336f070b9b,1,20250428,33C
11,B1010,426,PSG_deea2ba9c554bbb0,2,20251124,15B
12,B1011,450,PSG_10f520f8014bb600,2,20251025,22C
13,B1012,408,PSG_8fc5128c283d1d3e,4,20250815,28B
14,B1013,527,PSG_8f139262c7488ffb,2,20250720,26E
15,B1014,698,PSG_d89ed31a1c3fb1c7,4,20250915,21E
16,B1015,867,PSG_8afeeb49aacd8aad,5,20251021,6F
17,B1016,800,PSG_a39cd6ac5d7aaf97,1,20260113,6A
18,B1017,840,PSG_299baf7f50cd8c38,2,20260404,13B
19,B1018,196,PSG_0fd7da9e6a3d9521,1,20260325,19B
20,B1019,164,PSG_ac63ad6f9623d096,1,20250731,19A
21,B1020,638,PSG_1a79c282364d2fe8,2,20251206,27B
22,B1021,190,PSG_aeff1145591716c7,1,20251207,4E
23,B1022,351,PSG_72b1859097a1598e,2,20260325,16F
24,B1023,213,PSG_59c6bb5c73e1dade,4,20260203,24B
25,B1024,386,PSG_b327ef9685f24a32,4,20250621,30F
26,B1025,575,PSG_3d7e8bdad2276649,4,20260318,1B
27,B1026,329,PSG_3518727c43365222,2,20250627,32C
28,B1027,809,PSG_efea114579895a96,2,20250725,22A
29,B1028,765,PSG_d669610938ec1d61,1,20250525,26E
30,B1029,25,PSG_e10923053029577f,1,20250606,19C
31,B1030,236,PSG_e46700cf6408f1e8,1,20260318,21E
32,B1031,331,PSG_4235d4bb9c46b632,1,20251116,1E
33,B1032,794,PSG_6248aa1b8ffbc165,1,20250903,18E
34,B1033,799,PSG_fb45dd94e0ec2c16,5,20250506,19A
35,B1034,705,PSG_acc87a6d7fe91a19,2,20251231,22F
36,B1035,250,PSG_fa8aa99dadef34d4,4,20250821,11D
37,B1036,675,PSG_50af0baf01127ebb,4,20251124,5B
38,B1037,459,PSG_0293cb54bc5c6767,4,20260320,33E
39,B1038,619,PSG_e161084a3576b5d4,4,20260101,12D
40,B1039,731,PSG_ad32a620944f5141,2,20250821,11E
41,B1040,99,PSG_9a0030c32df8b5c9,2,20250808,26B
42,B1041,949,PSG_c03fae797ba9082d,2,20250528,25C
43,B1042,973,PSG_4c22ae157429e6ca,1,20251202,24F
44,B1043,195,PSG_c45e9407751bbc9e,1,20251122,8E
45,B1044,174,PSG_86c04e76a53c22a0,4,20260412,16C
46,B1045,740,PSG_99e2e7edb2cd6c97,5,20260319,18C
47,B1046,832,PSG_0feab23ffe94d7c8,2,20251014,2C
48,B1047,151,PSG_1f449667c6d8e461,4,20251229,7C
49,B1048,762,PSG_e4ab0da72b5aea1f,4,20250919,18C
50,B1049,679,PSG_72b1859097a1598e,3,20250728,3C
51,B1050,491,PSG_2048a2733291face,4,20260115,7D
52,B1051,28,PSG_8b9a3008990c437a,1,20250705,16A
53,B1052,982,PSG_d3061ea559f19e4c,1,20251230,33B
54,B1053,989,PSG_c3d400bce98a9a1a,4,20260401,28B
55,B1054,403,PSG_319988137a8aaac3,1,20260411,19C
56,B1055,12,PSG_028e4bf75914d8c8,1,20251014,13F
57,B1056,946,PSG_0aada988e6b5b0c2,1,20260324,15B
58,B1057,573,PSG_5590fc1b689b6a9b,1,20250820,14F
59,B1058,569,PSG_c9c91dd007810a7a,4,20251207,8C
60,B1059,913,PSG_93a50dddf3c35569,2,20260103,23B
61,B1060,86,PSG_e55f88e528d61491,2,20251230,11A
62,B1061,114,PSG_7c42f75c383b86f9,1,20260405,19C
63,B1062,926,PSG_a099c693e1aebd75,1,20250612,15D
64,B1063,149,PSG_c1c86b51feb4047e,1,20250519,9A
65,B1064,918,PSG_e2ff672c67dba849,2,20250914,24E
66,B1065,783,PSG_db63fd9f13030c4b,1,20260306,7B
67,B1066,529,PSG_316ea5a323769702,4,20251105,1B
68,B1067,686,PSG_0ebad3f89464262d,4,20250723,7F
69,B1068,997,PSG_4b4d5b609fc96225,4,20251122,23A
70,B1069,925,PSG_ca17b6685d38dc4b,2,20250802,16E
71,B1070,560,PSG_c3d400bce98a9a1a,1,20250922,15D
72,B1071,988,PSG_2bd876c5fb9b3802,1,20251221,15F
73,B1072,862,PSG_3074c178b1a83e7e,1,20250810,18F
74,B1073,180,PSG_205bfc9459c08527,2,20251204,16A
75,B1074,188,PSG_e7975a2d542d8938,2,20250925,7A
76,B1075,904,PSG_b4447e028d03d5ca,2,20260103,2F
77,B1076,828,PSG_89d992f3de41e1f7,2,20250504,12B
78,B1077,954,PSG_4734054655d2760e,4,20250503,3A
79,B1078,77,PSG_d1ff91dc438773d9,2,20250921,1B
80,B1079,611,PSG_5b36cbff10dffd11,2,20250603,10D
81,B1080,549,PSG_7f2b7f1328a721bf,2,20250605,22D
82,B1081,728,PSG_87bda765b340ff0b,1,20251113,29C
83,B1082,676,PSG_0ba0a3de537c2059,1,20250909,30A
84,B1083,642,PSG_e5bb9805782e906d,1,20250512,9A
85,B1084,269,PSG_03dc55e8d36ecc6a,4,20250614,16E
86,B1085,923,PSG_6f2ab805b7ecf576,4,20260324,12A
87,B1086,763,PSG_e17de473247afa11,2,20260216,5D
88,B1087,492,PSG_d1f5a2dd8770e990,1,20250508,2F
89,B1088,607,PSG_46abf857d3731c89,4,20260325,31A
90,B1089,962,PSG_a8274a7069308344,1,20250903,25F
91,B1090,594,PSG_ab0cc58000026edf,4,20250516,31C
92,B1091,43,PSG_d4be194ee4d38f65,4,20250818,25D
93,B1092,960,PSG_a049a8ad9b91a13a,2,20260318,16D
94,B1093,847,PSG_cb454e5fa7fe8866,2,20250511,25E
95,B1094,777,PSG_11a9aed7e6cfa418,4,20260107,24C
96,B1095,194,PSG_3518727c43365222,2,20250730,14B
97,B1096,841,PSG_bfd4a6f0c87d17b3,4,20260103,12B
98,B1097,17,PSG_a13f29d012eddb76,5,20250826,34F
99,B1098,245,PSG_212d215c11f20af3,5,20251015,13D
100,B1099,253,PSG_3a5da39806f09743,2,20251207,26E
101,B1100,850,PSG_a7c57607f46a45de,2,20260305,16D
102,B1101,300,PSG_0a3cdbd8a9498f44,2,20250719,3D
103,B1102,722,PSG_9c676bde50673603,3,20251006,15F
104,B1103,513,PSG_4734054655d2760e,1,20250808,20D
105,B1104,513,PSG_b327ef9685f24a32,1,20250912,16E
106,B1105,570,PSG_82bb6287b38a92ee,2,20250911,19F
107,B1106,836,PSG_2bc29ac3662803c3,2,20250901,21F
108,B1107,327,PSG_4734054655d2760e,2,20250519,30F
109,B1108,980,PSG_016e1919cf8995e4,1,20251011,14B
110,B1109,939,PSG_bcc81bcad531d2fd,1,20251203,33D
111,B1110,260,PSG_b80fa2da5c1863ff,4,20251217,12B
112,B1111,907,PSG_f08b466607c00d9d,1,20251225,34A
113,B1112,152,PSG_608b9554fa432e18,4,20251002,27A
114,B1113,615,PSG_b6c6c1d4fabcb50f,2,20251123,5A
115,B1114,123,PSG_72e620f1598bac4b,1,20250926,2E
116,B1115,296,PSG_eb69f92e4a333057,2,20250823,10A
117,B1116,30,PSG_a3af87c5055994ee,2,20251205,19B
118,B1117,748,PSG_811d928e08ad9e62,2,20250902,28F
119,B1118,882,PSG_14fb0c41dbf082c5,2,20260403,34B
120,B1119,643,PSG_da8d2227bf0e70c0,1,20251125,21F
121,B1120,668,PSG_b99bcb32c95b73e9,2,20250812,12D
122,B1121,668,PSG_6d1896a0dc72f12d,4,20250601,17C
123,B1122,301,PSG_151a1561b2526b92,1,20250502,20B
124,B1123,97,PSG_4db6bbfe54fbe80e,2,20250923,8A
125,B1124,129,PSG_ab1cba8a3bc34368,1,20250523,5C
126,B1125,181,PSG_d0f42e10445ba2a1,4,20260115,27E
127,B1126,343,PSG_9eefa0090480ceea,2,20251020,10E
128,B1127,680,PSG_5b00c1ef52dfad3f,4,20250629,2E
129,B1128,302,PSG_1aa38a7e68918364,2,20260408,10D
130,B1129,302,PSG_4392bea15d234991,4,20250918,26F
131,B1130,158,PSG_f409687e8233a0fc,2,20251226,34E
132,B1131,184,PSG_21f9c9db0af37ae2,1,20250616,1C
133,B1132,914,PSG_a0ef81cf7a9d0b6a,2,20250620,10D
134,B1133,168,PSG_dd4cd2e3c8aff8e2,1,20251229,23D
135,B1134,51,PSG_0e0f5939d985d3cd,2,20250728,34C
136,B1135,47,PSG_440ec21c303ada26,2,20251202,20E
137,B1136,929,PSG_89d992f3de41e1f7,4,20251026,28E
138,B1137,365,PSG_171f7044145e8622,4,20250901,13E
139,B1138,309,PSG_db76302904ee6fb1,4,20250714,6C
140,B1139,254,PSG_892547c4cf89fcf8,2,20260119,29F
141,B1140,551,PSG_15907c5fb3d44b97,2,20260123,29D
142,B1141,711,PSG_4c0e8b6133b7327f,2,20251028,9C
143,B1142,258,PSG_715a2f40782243a2,1,20260121,5C
144,B1143,73,PSG_1f4eb97872afffb0,1,20260407,15A
145,B1144,362,PSG_f78a297b353ed60e,2,20250926,6D
146,B1145,191,PSG_341f489540bc9870,4,20250823,15D
147,B1146,1001,PSG_146fd7ec8587c6a2,4,20250830,25A
148,B1147,146,PSG_414d214687272534,4,20260325,11E
149,B1148,68,PSG_0da862688b96018d,2,20251013,19A
150,B1149,744,PSG_37610609bde45a96,4,20260108,30F
151,B1150,856,PSG_ef181d4c1cc299e8,2,20250925,12A
152,B1151,533,PSG_52c5b9b5db667d7c,1,20260118,29B
153,B1152,348,PSG_2bd876c5fb9b3802,4,20250814,27A
154,B1153,790,PSG_9290e543d27a5e94,1,20251220,8D
155,B1154,229,PSG_1f44ab16111d8404,4,20260217,24A
156,B1155,74,PSG_7f443edb4d02580a,2,20251008,6D
157,B1156,614,PSG_6a93e165bb0940ae,2,20260325,5E
158,B1157,693,PSG_7f8524bd0388dbef,2,20250628,18B
159,B1158,234,PSG_5c6dc5c8834bf905,2,20250720,22A
160,B1159,844,PSG_3b04aa9ac13e7358,4,20251210,22F
161,B1160,449,PSG_4c22ae157429e6ca,1,20251121,29A
162,B1161,877,PSG_0cf803f2b332c240,2,20251114,12A
163,B1162,417,PSG_a0c43ea5293b512c,3,20250422,32D
164,B1163,761,PSG_4c501d5224c44b53,1,20251110,13D
165,B1164,209,PSG_f361ebce0c909065,2,20250424,24A
166,B1165,400,PSG_db0032f2cd517cf1,1,20250820,2F
167,B1166,667,PSG_2cb68a8b9b62dfeb,2,20260123,34D
168,B1167,544,PSG_2bc29ac3662803c3,1,20260202,9F
169,B1168,893,PSG_4a0a260c2ad2aa47,1,20251014,11C
170,B1169,349,PSG_458dfa6ad52a7d98,2,20251115,11E
171,B1170,350,PSG_5af5d2428e21bb0b,4,20250914,15E
172,B1171,860,PSG_6f17cc6a743b5f61,1,20250919,21A
173,B1172,906,PSG_fb5bb10b9fbbe219,2,20260117,8F
174,B1173,493,PSG_6d2d56d3d89d30cc,1,20250601,22E
175,B1174,49,PSG_c2829255fd5b1448,1,20260412,19D
176,B1175,105,PSG_0ebad3f89464262d,4,20260129,27D
177,B1176,752,PSG_99a696f8efd37538,1,20250417,7C
178,B1177,753,PSG_7f2b7f1328a721bf,1,20250729,34D
179,B1178,34,PSG_f39ab45686de1ddc,2,20260205,34E
180,B1179,604,PSG_484c63787a356d59,2,20251003,33D
181,B1180,511,PSG_534915966b26e0ea,4,20260410,22F
182,B1181,528,PSG_21fb7d88f61bb14b,1,20260329,12E
183,B1182,315,PSG_4f2572849dddadd6,1,20250811,3A
184,B1183,849,PSG_5f320626f0cee837,1,20250622,8C
185,B1184,232,PSG_b00c31925371f945,4,20250801,28E
186,B1185,754,PSG_49fd4ad9b20dacd8,1,20250816,25E
187,B1186,600,PSG_d5ff00f813d01dfe,2,20260404,1B
188,B1187,1002,PSG_93b3fe0962dbd697,4,20250804,7F
189,B1188,479,PSG_37dda8ff70bd28d6,2,20260404,6A
190,B1189,290,PSG_4c22ae157429e6ca,2,20251123,14F
191,B1190,29,PSG_0822445cdfd921c2,4,20250523,12B
192,B1191,18,PSG_aab1a4bcde21ff61,2,20250427,25B
193,B1192,330,PSG_9d74c3adc19a8c73,1,20250623,7D
194,B1193,430,PSG_93b3fe0962dbd697,4,20250522,13D
195,B1194,91,PSG_f5963150ae36c285,2,20250711,14F
196,B1195,84,PSG_a4b9f8bc4863e11b,1,20250720,10B
197,B1196,943,PSG_441446333993112f,1,20260115,20C
198,B1197,985,PSG_f18cc9d101ace797,2,20250519,2E
199,B1198,548,PSG_6c0ad61eab2cf224,3,20250616,29A
200,B1199,601,PSG_21fb7d88f61bb14b,4,20251213,30E
201,B1200,950,PSG_ee1f38e4c979640a,2,20250917,16B
202,B1201,979,PSG_a18091875c24eb75,1,20260201,3A
203,B1202,852,PSG_17abe9b36a8689b8,1,20250429,29C
204,B1203,813,PSG_fd3a7c2d4526d6c1,2,20250621,3B
205,B1204,305,PSG_74426589f7e33e9d,2,20250725,30A
206,B1205,807,PSG_efab6798499e2dc4,2,20251018,23F
207,B1206,359,PSG_d40a3d430d831c45,2,20250702,13A
208,B1207,399,PSG_715a2f40782243a2,4,20250611,26A
209,B1208,578,PSG_1ee9de5559d54b54,3,20250722,9A
210,B1209,504,PSG_19a84d7a295910a2,4,20251215,3A
211,B1210,283,PSG_d669610938ec1d61,4,20260120,3C
212,B1211,355,PSG_896c3da3464e7e0c,2,20250707,34A
213,B1212,126,PSG_8a596134df58240c,4,20250708,34B
214,B1213,587,PSG_7e294ffe4c66a427,2,20250616,2E
215,B1214,967,PSG_db0032f2cd517cf1,5,20250814,23B
216,B1215,406,PSG_1691abe0103c3904,1,20250808,28C
217,B1216,238,PSG_eb69f92e4a333057,2,20251209,10A
218,B1217,92,PSG_72b1859097a1598e,1,20260319,32C
219,B1218,484,PSG_3f15dd189bbc9ebb,4,20251113,2D
220,B1219,966,PSG_5ffbd865fd7cabb6,1,20260215,1B
221,B1220,178,PSG_8ae3ce7d2491c2f6,4,20260404,29C
222,B1221,429,PSG_1853027b7c78d483,2,20260306,19D
223,B1222,981,PSG_279b0c0775067b33,4,20260330,8A
224,B1223,56,PSG_ca5abfe8d4341a46,5,20260409,15A
225,B1224,958,PSG_ef181d4c1cc299e8,2,20251026,1E
226,B1225,434,PSG_5e91029dc0fc24ca,4,20260113,4D
227,B1226,383,PSG_a59daad3d88cce5e,2,20250823,15C
228,B1227,498,PSG_e99de47c92f9ce3d,1,20251023,12A
229,B1228,609,PSG_57f740298d2677ca,2,20260417,29D
230,B1229,846,PSG_356a5d1b978b01d0,2,20260207,13F
231,B1230,169,PSG_53623bade0776c84,4,20250429,6C
232,B1231,927,PSG_59e12b2731023904,1,20260406,27D
233,B1232,695,PSG_53623bade0776c84,2,20251006,32F
234,B1233,187,PSG_ab0cc58000026edf,1,20250513,5F
235,B1234,983,PSG_e46700cf6408f1e8,1,20251121,33A
236,B1235,-1,PSG_b93b49454f690783,4,20251223,13D
237,B1236,333,PSG_279b0c0775067b33,2,20250705,25A
238,B1237,318,PSG_a38fd1f05f97a457,5,20251116,15B
239,B1238,712,PSG_171f7044145e8622,5,20251020,8E
240,B1239,488,PSG_0f90e6d800eb8748,1,20251117,30A
241,B1240,873,PSG_ea88f2e97a8d805b,2,20251231,17A
242,B1241,889,PSG_5e0f733907e54eb4,2,20251216,10A
243,B1242,36,PSG_18663b2f2db1d5e1,1,20251201,26C
244,B1243,446,PSG_b2b5b95d3d1cff4b,1,20260122,29E
245,B1244,824,PSG_e1d0046ae5620b99,2,20250818,27D
246,B1245,201,PSG_755af8725eed0d3f,5,20260417,26A
247,B1246,230,PSG_e10923053029577f,2,20260409,33B
248,B1247,664,PSG_19fe0077dc558f2d,1,20250813,15F
249,B1248,517,PSG_1899fdf9be04bbde,4,20260304,16B
250,B1249,179,PSG_0ea470ad4ce9c275,1,20250606,26B
251,B1250,31,PSG_8a58eaeddb83c129,1,20260128,16F
252,B1251,788,PSG_a350d8cdba959d3b,4,20250830,29A
253,B1252,774,PSG_e161084a3576b5d4,1,20250421,27C
254,B1253,133,PSG_2309609d9a3a7196,1,20260227,15E
255,B1254,143,PSG_4b4d5b609fc96225,1,20250722,5D
256,B1255,938,PSG_b985379bceeca614,1,20250922,23F
257,B1256,83,PSG_a1843b863b5aa25d,1,20250810,22B
258,B1257,353,PSG_fde23c293ef16533,1,20250819,11C
259,B1258,435,PSG_4665bbd67bbe5eda,1,20251028,21F
260,B1259,681,PSG_ee7c2fc243e2df4d,1,20260119,31F
261,B1260,460,PSG_0296b966e95c1483,1,20260104,1D
262,B1261,583,PSG_3a5da39806f09743,2,20251221,34A
263,B1262,724,PSG_14e40c47cb1b2298,2,20250507,16F
264,B1263,122,PSG_3428b2f00ea4c443,1,20260103,6C
265,B1264,623,PSG_583a655f9c3989ef,2,20260415,12A
266,B1265,976,PSG_b7a34fd550df9a95,4,20250806,28F
267,B1266,866,PSG_0a07ba89faea51ba,2,20260116,27F
268,B1267,476,PSG_b546889913068c44,1,20250521,32A
269,B1268,373,PSG_f0911c43c01ef3f2,3,20260116,12A
270,B1269,46,PSG_b0ae5549b0aa10ff,2,20250906,4C
271,B1270,543,PSG_b62ad3cdc286d04a,5,20250602,22E
272,B1271,156,PSG_e9b9dfda833612b6,4,20251020,28B
273,B1272,339,PSG_3eb3041c85af322d,4,20250718,19A
274,B1273,421,PSG_61d9a8d54d407bb1,5,20250605,28B
275,B1274,781,PSG_3a40c9509e2dc0bf,4,20251015,20D
276,B1275,166,PSG_771f53a4e27ff9ba,4,20250711,18F
277,B1276,177,PSG_4372bde5ec19b83e,2,20250715,1A
278,B1277,467,PSG_1f9dbc0a07d21e96,4,20260119,12E
279,B1278,717,PSG_751de1bdb2fa513a,2,20250809,5B
280,B1279,19,PSG_1007424982c466cf,5,20250510,28C
281,B1280,497,PSG_933aa806d2c6b820,2,20260412,33B
282,B1281,733,PSG_bbef6bd81f156000,1,20260121,4A
283,B1282,280,PSG_006be132dc6dc7e3,1,20251230,8B
284,B1283,374,PSG_1557a87fd264e7b2,3,20250508,29D
285,B1284,653,PSG_2d7681149518a24b,1,20260222,25F
286,B1285,961,PSG_ca17b6685d38dc4b,1,20260326,25B
287,B1286,10,PSG_79c04877da24b313,3,20250925,33B
288,B1287,624,PSG_3f98a39479c83db2,1,20251213,5F
289,B1288,58,PSG_ea68b82c00a4b612,4,20251211,18C
290,B1289,556,PSG_f913addb4d323bc4,4,20260323,24F
291,B1290,948,PSG_15281efbf1c58474,1,20250726,16F
292,B1291,634,PSG_e161378790a019a7,4,20260401,28E
293,B1292,75,PSG_dd4cd2e3c8aff8e2,2,20250803,7C
294,B1293,995,PSG_1899fdf9be04bbde,2,20250831,25F
295,B1294,-1,PSG_33a3a4b54a0af5db,1,20250713,34B
296,B1295,367,PSG_4670e3d823bb9d3f,1,20251229,14B
297,B1296,487,PSG_9a775ffb200afa5a,1,20251223,1B
298,B1297,193,PSG_905c226ad398704d,4,20260123,8A
299,B1298,720,PSG_df2b7c74af48fcf1,4,20260102,6C
300,B1299,546,PSG_ac6493d2def000e1,2,20250911,16F
301,B1300,70,PSG_160670f6903b3995,4,20250614,21C
302,B1301,322,PSG_905c226ad398704d,2,20250903,12A
303,B1302,992,PSG_25a040c532034a30,4,20251227,3D
304,B1303,506,PSG_53623bade0776c84,2,20251213,20A
305,B1304,22,PSG_f02901b1af09d980,3,20251213,18E
306,B1305,640,PSG_2af4f5824c709c00,4,20250928,13C
307,B1306,602,PSG_c2bc608db06de9a2,2,20251201,30A
308,B1307,1000,PSG_4a0a260c2ad2aa47,4,20260126,32E
309,B1308,908,PSG_b5a6068a3c262a3c,1,20250722,30D
310,B1309,505,PSG_37f8f648da682e26,2,20250506,30F
311,B1310,113,PSG_0e7dc1a026c8b734,4,20250820,5D
312,B1311,732,PSG_120a65f6e19015f8,4,20251116,9D
313,B1312,286,PSG_2431d66b6154b9bd,5,20260329,6E
314,B1313,259,PSG_59790a5da4b16bd9,1,20250516,33E
315,B1314,332,PSG_771f53a4e27ff9ba,2,20250428,19C
316,B1315,237,PSG_57f740298d2677ca,4,20260326,9C
317,B1316,625,PSG_03cc66a89297f941,4,20260106,27C
318,B1317,672,PSG_8db9321ae9159d68,1,20260224,21F
319,B1318,672,PSG_e7975a2d542d8938,1,20250523,29B
320,B1319,71,PSG_369ccad58e104312,2,20250504,4C
321,B1320,271,PSG_74426589f7e33e9d,4,20250813,6C
322,B1321,555,PSG_9f4f42f21fb842d2,4,20260212,13A
323,B1322,857,PSG_355553ed01455a78,2,20250727,6E
324,B1323,574,PSG_920cf82b83a61392,2,20260206,14D
325,B1324,379,PSG_1e81a36b9caf7f54,1,20260204,33B
326,B1325,660,PSG_2a489b7b751d2cb4,1,20250811,3B
327,B1326,919,PSG_aa4caefdecfbeaf7,2,20251031,14F
328,B1327,562,PSG_d143cd7dc8fdce46,2,20250924,26C
329,B1328,202,PSG_3428b2f00ea4c443,4,20251101,33B
330,B1329,814,PSG_c45ea7cb8e59ca45,2,20260213,22C
331,B1330,78,PSG_a1843b863b5aa25d,2,20251206,23A
332,B1331,368,PSG_d7102e2ba04119bf,4,20250703,22C
333,B1332,932,PSG_51a56d4124c6315b,2,20260115,7D
334,B1333,817,PSG_cf792149749086c4,1,20250906,12B
335,B1334,176,PSG_353f293aa820a586,1,20250927,6F
336,B1335,747,PSG_3a40c9509e2dc0bf,4,20260211,4A
337,B1336,112,PSG_3074c178b1a83e7e,2,20250703,22A
338,B1337,246,PSG_3eb3041c85af322d,3,20251020,4C
339,B1338,14,PSG_60552fc4b854bb75,1,20260221,14C
340,B1339,508,PSG_78f6ee9b814ae1c1,1,20250917,28A
341,B1340,3,PSG_e9b9dfda833612b6,1,20251214,12E
342,B1341,249,PSG_aded24a56b27081b,2,20250704,5A
343,B1342,922,PSG_458dfa6ad52a7d98,2,20250429,4A
344,B1343,689,PSG_b184138c17ef1243,2,20260308,9F
345,B1344,769,PSG_a7c57607f46a45de,2,20260328,1D
346,B1345,886,PSG_8950b4178512e57c,1,20250606,1A
347,B1346,342,PSG_9a775ffb200afa5a,4,20250607,30E
348,B1347,270,PSG_5a73134865a7ca24,4,20260207,22A
349,B1348,541,PSG_b844cecb01828c9b,1,20250605,27E
350,B1349,820,PSG_5b00c1ef52dfad3f,1,20251119,9E
351,B1350,793,PSG_e4ab0da72b5aea1f,4,20260204,12A
352,B1351,393,PSG_a3ba9a6b20e5323d,4,20250903,27F
353,B1352,996,PSG_0fbebaf8a2572126,1,20251020,17D
354,B1353,148,PSG_b737bbba5d917e53,1,20250919,15F
355,B1354,688,PSG_f94945c01d54085b,2,20251214,34A
356,B1355,127,PSG_6fa59d7e9f1ae691,2,20260330,28B
357,B1356,444,PSG_20bc844d6325ee4e,4,20251110,11F
358,B1357,65,PSG_190faf1c895eba7d,5,20260205,14A
359,B1358,324,PSG_2ef711294e79ae5f,4,20250622,20A
360,B1359,512,PSG_623a7d63868ca9d5,2,20251022,14E
361,B1360,376,PSG_d2506808cb35ab5a,5,20250615,18D
362,B1361,381,PSG_b7544e8b848453dd,4,20250824,13F
363,B1362,523,PSG_c86b2d1270e4ab76,2,20251022,15B
364,B1363,420,PSG_f913addb4d323bc4,1,20251214,3B
365,B1364,495,PSG_358571c66995667b,4,20250909,23F
366,B1365,931,PSG_bf6f9a6625797ea4,1,20250703,15B
367,B1366,125,PSG_7dae7847f411938d,1,20250505,25E
368,B1367,937,PSG_626e7eb0c910134e,2,20251214,18A
369,B1368,780,PSG_2594fcfb289c865e,1,20251226,1E
370,B1369,118,PSG_0e0f5939d985d3cd,4,20260318,15F
371,B1370,530,PSG_0a3cdbd8a9498f44,1,20260101,19C
372,B1371,206,PSG_48d17631425f8214,1,20250925,15E
373,B1372,656,PSG_2a489b7b751d2cb4,1,20250511,11D
374,B1373,596,PSG_99e2e7edb2cd6c97,1,20260214,22F
375,B1374,356,PSG_b985379bceeca614,1,20250424,7F
376,B1375,635,PSG_74426589f7e33e9d,2,20250902,15B
377,B1376,439,PSG_5ffa84a44db7e156,4,20250824,16B
378,B1377,896,PSG_20a750d5f688ecfc,2,20251024,26A
379,B1378,883,PSG_963a125aca5d1f72,4,20260116,30D
380,B1379,477,PSG_93de86aa32c88a38,4,20251102,31C
381,B1380,7,PSG_581b4cd15d8c2442,4,20260416,6B
382,B1381,539,PSG_b5a6068a3c262a3c,4,20251111,33A
383,B1382,834,PSG_f2db3cdff8668f85,4,20250919,20D
384,B1383,281,PSG_c6b91e2c4fe07199,1,20250924,8C
385,B1384,295,PSG_64b3729bd8b9a961,2,20250516,11D
386,B1385,903,PSG_d810b6795856b18d,2,20250608,30B
387,B1386,432,PSG_4e8947d0b96fe2e7,1,20260312,10A
388,B1387,734,PSG_af5a99ce09377b82,4,20250723,24F
389,B1388,38,PSG_fe510f5b1cd53590,3,20250923,8D
390,B1389,85,PSG_f3a60c8cabba7a4c,5,20260222,30D
391,B1390,554,PSG_fbbeb91f81b79b4f,1,20260309,8C
392,B1391,610,PSG_21f9c9db0af37ae2,2,20251126,21F
393,B1392,410,PSG_5a73134865a7ca24,2,20260327,21D
394,B1393,952,PSG_0780df8c368d64e5,4,20260406,26E
395,B1394,255,PSG_37f8f648da682e26,4,20250723,23F
396,B1395,796,PSG_d811996946ec4236,3,20260210,23B
397,B1396,310,PSG_89d513064afe3016,5,20250803,13E
398,B1397,963,PSG_db63fd9f13030c4b,1,20260205,28D
399,B1398,224,PSG_c3cc2f73c0654b9d,4,20260204,3E
400,B1399,994,PSG_e68e902952042dba,4,20250531,7A
401,B1400,633,PSG_db0032f2cd517cf1,1,20260402,12F
402,B1401,928,PSG_6fc1f09c05ae5a1d,5,20250420,21D
403,B1402,956,PSG_4235d4bb9c46b632,1,20260321,7E
404,B1403,729,PSG_e7c01e32c8aa9f12,4,20250508,26A
405,B1404,252,PSG_f78a297b353ed60e,3,20260307,16A
406,B1405,371,PSG_bcc81bcad531d2fd,4,20250826,32F
407,B1406,140,PSG_3fd7a0c32004df38,2,20250624,15D
408,B1407,821,PSG_f33f770694dead37,2,20250826,25A
409,B1408,730,PSG_59e12b2731023904,2,20250729,12F
410,B1409,878,PSG_c9f38e54715e20fd,2,20260324,28C
411,B1410,369,PSG_364b3ec5123733c6,2,20260413,32C
412,B1411,13,PSG_f0911c43c01ef3f2,1,20251012,1A
413,B1412,128,PSG_896c3da3464e7e0c,1,20251118,28E
414,B1413,564,PSG_b546889913068c44,5,20251005,14A
415,B1414,708,PSG_ebd185df372e4fe5,2,20260107,25F
416,B1415,199,PSG_0aada988e6b5b0c2,4,20260322,23B
417,B1416,713,PSG_db65fc3ac40c5099,1,20250817,20B
418,B1417,453,PSG_65c70e8de59b4199,4,20250818,8E
419,B1418,553,PSG_5eed1bab7e72c2d2,4,20250504,19D
420,B1419,588,PSG_ca58825aa07eeed1,2,20260120,20E
421,B1420,687,PSG_1828303aa68aa0b1,2,20260224,27B
422,B1421,831,PSG_8e184e0dc06822b8,5,20251003,23C
423,B1422,452,PSG_4670e3d823bb9d3f,1,20260104,12D
424,B1423,274,PSG_4a1ccc95662ed2e6,2,20250612,14A
425,B1424,150,PSG_f02901b1af09d980,1,20251105,11D
426,B1425,701,PSG_76b093f7808a3577,1,20250628,34E
427,B1426,41,PSG_81999962824824f4,1,20251215,17C
428,B1427,566,PSG_353f293aa820a586,1,20260415,16E
429,B1428,20,PSG_8c017fa3ed2f4cb7,2,20250617,27C
430,B1429,519,PSG_8d3184c042561555,1,20250508,27B
431,B1430,542,PSG_a8fa501807540449,2,20260208,11A
432,B1431,977,PSG_4f8cd83d96d229a9,2,20251121,31C
433,B1432,211,PSG_46e95d469dce9496,1,20250902,9B
434,B1433,692,PSG_9eefa0090480ceea,2,20250507,5B
435,B1434,307,PSG_7f8524bd0388dbef,4,20251019,30C
436,B1435,741,PSG_2b868c4f0db8cf74,2,20250918,1E
437,B1436,347,PSG_5e8bd435d4667889,2,20260105,20B
438,B1437,538,PSG_c1fa96112d14bcb6,1,20251128,24A
439,B1438,344,PSG_9f38dc6c88d22152,5,20260401,20D
440,B1439,699,PSG_a4834931c560888d,2,20251109,27E
441,B1440,464,PSG_a50c55ca99f66e73,1,20260309,25E
442,B1441,657,PSG_5af512c93779361b,3,20250922,13A
443,B1442,496,PSG_61ec496d1deb25e8,4,20250602,11E
444,B1443,461,PSG_0f90e6d800eb8748,1,20251009,9E
445,B1444,764,PSG_50af0baf01127ebb,2,20251225,7B
446,B1445,5,PSG_8b9a3008990c437a,4,20251221,5F
447,B1446,909,PSG_b9da3f66db8116fd,4,20250925,23C
448,B1447,589,PSG_21f591e39a0f4f41,2,20250521,15F
449,B1448,175,PSG_0780df8c368d64e5,1,20251121,9E
450,B1449,308,PSG_49fa250b80ee77cf,4,20250523,19A
451,B1450,998,PSG_9f7285336d7ea315,2,20251111,21C
452,B1451,412,PSG_480ddb08bde2dc7e,2,20250520,15E
453,B1452,172,PSG_5af512c93779361b,4,20260126,3E
454,B1453,219,PSG_e1483802705b5b4d,1,20260207,16F
455,B1454,316,PSG_933aa806d2c6b820,4,20250816,8E
456,B1455,469,PSG_d9a9802ee9a4b19f,2,20260412,30A
457,B1456,391,PSG_fe53de2934496463,4,20250424,17F
458,B1457,134,PSG_79dd670f36196611,1,20250611,32D
459,B1458,875,PSG_23aa8b46583ba0a5,2,20251119,10B
460,B1459,725,PSG_58216c6cd3878478,1,20250610,1F
461,B1460,235,PSG_39c20f25fd7c2ab3,4,20251001,32E
462,B1461,838,PSG_5e0f733907e54eb4,4,20251014,33F
463,B1462,135,PSG_39c20f25fd7c2ab3,1,20251203,26D
464,B1463,674,PSG_223f1ed693d8fa2d,4,20260210,31C
465,B1464,354,PSG_a9489feeca5adbd3,1,20260307,6B
466,B1465,797,PSG_9fb09a6a232c2cb5,4,20250702,5C
467,B1466,993,PSG_3b784b2850ddb285,1,20250427,28B
468,B1467,888,PSG_9a0030c32df8b5c9,1,20250430,25A
469,B1468,526,PSG_414d214687272534,2,20250716,14F
470,B1469,1,PSG_2aa9a0e93bad5b36,2,20251225,11A
471,B1470,132,PSG_8f2b5ed721c839b0,1,20250527,24E
472,B1471,957,PSG_e8a14178f4f55f65,4,20260328,8E
473,B1472,98,PSG_d4c2f16535caa83a,4,20250606,3D
474,B1473,694,PSG_b985379bceeca614,4,20250719,21F
475,B1474,704,PSG_6e15130671c6c5fa,1,20250728,14C
476,B1475,884,PSG_2048a2733291face,1,20260307,2C
477,B1476,577,PSG_237b9050871d4b75,1,20260227,32E
478,B1477,719,PSG_f6f65e1dcd34d7ba,1,20250706,18E
479,B1478,565,PSG_3b7ed66ca0c5bf01,2,20260224,28D
480,B1479,839,PSG_5668590e05b90c89,1,20251217,22B
481,B1480,576,PSG_21fb7d88f61bb14b,4,20260314,34B
482,B1481,52,PSG_1fea9896bc9df6c8,2,20250611,4D
483,B1482,696,PSG_4df3c3aa963304e2,4,20250829,14E
484,B1483,645,PSG_d89ed31a1c3fb1c7,5,20250609,26B
485,B1484,490,PSG_2e0fbed3011835b9,2,20250507,13B
486,B1485,220,PSG_5f320626f0cee837,1,20250705,12D
487,B1486,478,PSG_3b784b2850ddb285,2,20250504,3D
488,B1487,24,PSG_57f740298d2677ca,4,20260126,5E
489,B1488,599,PSG_d7277813d1fc2c2c,1,20250504,27E
490,B1489,727,PSG_650d116fe0f6c5b6,1,20250708,24F
491,B1490,451,PSG_79c04877da24b313,2,20260310,29B
492,B1491,795,PSG_6f2ab805b7ecf576,2,20250716,18F
493,B1492,473,PSG_458dfa6ad52a7d98,1,20260327,29C
494,B1493,212,PSG_4590d7acdf0b3815,2,20250601,26D
495,B1494,163,PSG_28b9e5923a70f334,1,20250609,23F
496,B1495,801,PSG_eb64654278a8a1a6,2,20251015,27D
497,B1496,243,PSG_c2c1126b4e51df83,4,20260321,7D
498,B1497,436,PSG_b7a34fd550df9a95,2,20250902,11F
499,B1498,872,PSG_9269f8b088e0cfa2,4,20250718,3D
500,B1499,304,PSG_a3f57ee38d3ea443,3,20250617,17C
501,B1500,829,PSG_87bda765b340ff0b,2,20250430,22D
502,B1501,648,PSG_922926a356a15f6b,1,20250904,23D
503,B1502,357,PSG_b8c0e1abe8c05c8f,2,20251015,23F
504,B1503,537,PSG_8ca69bf90cb3eba6,2,20251017,25C
505,B1504,547,PSG_3acc0009e3add27a,4,20250421,4E
506,B1505,632,PSG_abbf26a011521fe6,2,20251129,8F
507,B1506,552,PSG_db65fc3ac40c5099,1,20260129,9E
508,B1507,771,PSG_1ce85e1c812c264c,4,20251127,20A
509,B1508,294,PSG_a39cd6ac5d7aaf97,5,20250731,9C
510,B1509,303,PSG_b985379bceeca614,1,20250925,14F
511,B1510,507,PSG_3518727c43365222,1,20250511,19F
512,B1511,94,PSG_f0911c43c01ef3f2,1,20251224,15C
513,B1512,936,PSG_8b9a3008990c437a,4,20251221,4A
514,B1513,936,PSG_68051a336f070b9b,2,20250630,32B
515,B1514,571,PSG_e8a14178f4f55f65,1,20250507,21E
516,B1515,532,PSG_fb45dd94e0ec2c16,4,20250706,26A
517,B1516,629,PSG_319988137a8aaac3,1,20250805,34F
518,B1517,221,PSG_8a596134df58240c,3,20260116,31B
519,B1518,673,PSG_0ea470ad4ce9c275,3,20260320,30A
520,B1519,590,PSG_fb5cba62c24beefb,4,20260325,3C
521,B1520,299,PSG_58520f79371e7f94,2,20260402,27A
522,B1521,419,PSG_ef2763670e937345,4,20251108,31E
523,B1522,262,PSG_1ab8d191172013c9,2,20250831,1C
524,B1523,593,PSG_5ffbd865fd7cabb6,4,20250519,21F
525,B1524,61,PSG_6596fb40dbd5643d,4,20250617,23D
526,B1525,525,PSG_3df62ac16d2e6b53,5,20250529,11E
527,B1526,662,PSG_d3bfec981679425e,2,20251115,17D
528,B1527,317,PSG_414d214687272534,4,20250709,8A
529,B1528,947,PSG_0b3929cce40ed8f1,4,20260328,6E
530,B1529,66,PSG_e11ea66a7d3c3be7,5,20250430,34C
531,B1530,868,PSG_356a5d1b978b01d0,3,20251208,23E
532,B1531,63,PSG_a59daad3d88cce5e,4,20260401,30F
533,B1532,891,PSG_5eed1bab7e72c2d2,4,20250422,30A
534,B1533,991,PSG_8cd4d843eca1ff2f,4,20250915,28D
535,B1534,804,PSG_468a1f7f847f4b4b,2,20250911,34E
536,B1535,915,PSG_8b2667414fcb8df3,4,20260402,6C
537,B1536,273,PSG_1f44ab16111d8404,5,20250601,4C
538,B1537,843,PSG_4984aa1beb7aa60b,2,20251008,21F
539,B1538,647,PSG_e1483802705b5b4d,4,20260317,8E
540,B1539,974,PSG_843c9bb31fc19493,2,20250611,20B
541,B1540,409,PSG_69c686e76ea09d52,1,20260115,7E
542,B1541,540,PSG_ef702bb08040c8d7,2,20251216,26A
543,B1542,579,PSG_cd4d7388d66118b7,4,20251213,14F
544,B1543,767,PSG_a0ef81cf7a9d0b6a,1,20250616,4F
545,B1544,520,PSG_45db0caedc659e68,1,20250901,16A
546,B1545,447,PSG_ea3fa1717f42fcc6,4,20260308,8A
547,B1546,760,PSG_79c10409652b616d,4,20260402,32B
548,B1547,115,PSG_0b50bf2cf29accea,4,20250418,16C
549,B1548,291,PSG_cd1079b634e62e29,2,20251004,7E
550,B1549,291,PSG_8db9321ae9159d68,2,20251216,24A
551,B1550,79,PSG_8ca69bf90cb3eba6,2,20251206,10D
552,B1551,104,PSG_4372bde5ec19b83e,3,20251114,8E
553,B1552,819,PSG_89b6f6b4f3167dbd,4,20260206,32D
554,B1553,743,PSG_7522b96f336f7d31,2,20251115,33D
555,B1554,142,PSG_623771ac78313366,1,20250826,8D
556,B1555,665,PSG_ef2763670e937345,2,20260404,3B
557,B1556,59,PSG_edfbd3d8cfe40501,1,20260118,31D
558,B1557,67,PSG_6dbfb9ae21967601,4,20250810,17A
559,B1558,278,PSG_1eaa2e2498aae84f,4,20250807,27A
560,B1559,975,PSG_7ec357009dd73ccb,2,20260120,5F
561,B1560,471,PSG_1007424982c466cf,2,20260307,18C
562,B1561,945,PSG_b06819876d988852,4,20260127,18C
563,B1562,214,PSG_2335ab7bfe977a09,2,20250501,10B
564,B1563,810,PSG_0ea470ad4ce9c275,4,20250911,27B
565,B1564,293,PSG_8afeeb49aacd8aad,4,20250814,17F
566,B1565,514,PSG_22e763364493b8b1,1,20260206,20D
567,B1566,700,PSG_fb36f65b70194334,2,20251008,29F
568,B1567,605,PSG_68a9fe92d59c366a,4,20251113,9A
569,B1568,870,PSG_dfba15bdf165449c,2,20251221,21A
570,B1569,284,PSG_f54cb32a8ad565a5,1,20251226,14E
571,B1570,969,PSG_efab6798499e2dc4,1,20251121,25E
572,B1571,739,PSG_46e95d469dce9496,2,20251106,2C
573,B1572,892,PSG_49fd4ad9b20dacd8,2,20250526,5D
574,B1573,314,PSG_ab24510ca3d92c6a,4,20260318,19B
575,B1574,314,PSG_5668590e05b90c89,1,20250429,18A
576,B1575,414,PSG_fbbeb91f81b79b4f,1,20250616,2B
577,B1576,558,PSG_e4dade53d1f93788,5,20251020,6F
578,B1577,50,PSG_0781efc26bf2c900,2,20260124,23A
579,B1578,405,PSG_0802780d214bb789,4,20251225,6B
580,B1579,182,PSG_db77680c6a6bd5a1,2,20250424,28E
581,B1580,612,PSG_237b9050871d4b75,2,20251008,20D
582,B1581,170,PSG_d3061ea559f19e4c,2,20250806,3D
583,B1582,941,PSG_5dc0b26f8565efac,4,20250424,34B
584,B1583,598,PSG_e486e0c5f66b74bc,5,20260222,33D
585,B1584,848,PSG_75187d441089e834,1,20250428,21C
586,B1585,233,PSG_3eb3041c85af322d,1,20260108,1C
587,B1586,669,PSG_25a040c532034a30,1,20251113,25B
588,B1587,772,PSG_8f2b5ed721c839b0,4,20250628,34E
589,B1588,773,PSG_4c501d5224c44b53,2,20251104,10B
590,B1589,930,PSG_171f7044145e8622,4,20250831,3D
591,B1590,842,PSG_626e7eb0c910134e,2,20260401,25B
592,B1591,377,PSG_b5a71df4df9acb14,1,20251120,8A
593,B1592,858,PSG_f9c6b3e0044b1ae0,2,20251117,24F
594,B1593,87,PSG_e161378790a019a7,5,20250924,1A
595,B1594,338,PSG_8b2667414fcb8df3,2,20250601,25E
596,B1595,226,PSG_404c38145bf89156,4,20260107,4E
597,B1596,736,PSG_356a5d1b978b01d0,2,20251220,15E
598,B1597,268,PSG_eedd9e0ddc781f67,2,20251023,33A
599,B1598,786,PSG_37dda8ff70bd28d6,2,20260102,11B
600,B1599,786,PSG_022d7f26fa7cfbab,4,20250930,9E
601,B1600,916,PSG_0bbae105d03cbb0c,4,20250720,2C
602,B1601,261,PSG_0ebad3f89464262d,4,20250907,28D
603,B1602,42,PSG_60b81de77f1f21f7,5,20250707,2A
604,B1603,644,PSG_3eb3041c85af322d,1,20251206,17E
605,B1604,644,PSG_b808dbc7fb65f688,1,20251117,3C
606,B1605,608,PSG_8bd624c7e031641e,1,20251003,6C
607,B1606,15,PSG_a46eeb9621719bc3,2,20250718,23E
608,B1607,372,PSG_c348a578dd25b30b,3,20260202,30F
609,B1608,636,PSG_c61291a7c39a5c94,1,20250628,10B
610,B1609,568,PSG_ad32a620944f5141,1,20251021,19D
611,B1610,145,PSG_1aa38a7e68918364,2,20251013,27A
612,B1611,802,PSG_e161378790a019a7,1,20260105,14C
613,B1612,726,PSG_319988137a8aaac3,1,20250418,28C
614,B1613,735,PSG_ea68b82c00a4b612,2,20260129,6A
615,B1614,387,PSG_3018fc8505e137c4,5,20250511,30B
616,B1615,117,PSG_19a0efc104e605b5,1,20250523,33B
617,B1616,707,PSG_a984cf704d458bd9,4,20251223,17A
618,B1617,341,PSG_a38fd1f05f97a457,3,20250510,18A
619,B1618,341,PSG_2ec69dfb7aa3ccb9,2,20260119,1B
620,B1619,815,PSG_11ad78bc4a0765ac,4,20260205,13A
621,B1620,440,PSG_892547c4cf89fcf8,4,20260224,1B
622,B1621,21,PSG_1f449667c6d8e461,4,20251221,27A
623,B1622,572,PSG_ed36baac06ff9f70,4,20250623,19F
624,B1623,482,PSG_b12847102acec1fe,1,20250817,22B
625,B1624,617,PSG_156253c626fc9b9a,1,20251220,34F
626,B1625,394,PSG_31157ad3cee331ed,4,20260405,7D
627,B1626,53,PSG_4590d7acdf0b3815,1,20250417,25C
628,B1627,785,PSG_e10923053029577f,4,20260109,27E
629,B1628,23,PSG_388513bc71f83598,4,20251125,33A
630,B1629,521,PSG_4b4d5b609fc96225,2,20260102,11A
631,B1630,509,PSG_865dca41085b66ce,4,20260407,26F
632,B1631,869,PSG_20a750d5f688ecfc,1,20260217,24F
633,B1632,899,PSG_815bccd4152330cf,4,20260330,1D
634,B1633,721,PSG_cfcecba498582822,2,20250830,8E
635,B1634,697,PSG_4fbac99712db5a29,1,20251225,1C
636,B1635,407,PSG_a29b9aace2de6158,3,20250814,7C
637,B1636,718,PSG_dfba15bdf165449c,2,20250527,22B
638,B1637,35,PSG_7cb7260bbe6e3eb2,4,20251201,27C
639,B1638,861,PSG_4efd389baa782880,2,20260223,22C
640,B1639,9,PSG_6c0ad61eab2cf224,2,20250914,24E
641,B1640,4,PSG_2ef711294e79ae5f,1,20260128,30B
642,B1641,895,PSG_db08ab3aaf6e7ea3,5,20260327,28D
643,B1642,522,PSG_c3d400bce98a9a1a,4,20260215,4E
644,B1643,298,PSG_cc82488ae43cccc1,4,20260204,14A
645,B1644,691,PSG_b99bcb32c95b73e9,4,20251020,20E
646,B1645,854,PSG_4fbac99712db5a29,2,20250816,17D
647,B1646,964,PSG_4ac31268bc3d5515,1,20250927,28C
648,B1647,714,PSG_86c04e76a53c22a0,4,20251106,14F
649,B1648,16,PSG_14e40c47cb1b2298,2,20250809,33D
650,B1649,64,PSG_5d08479ad1cfadbc,4,20260405,4F
651,B1650,631,PSG_c3cc2f73c0654b9d,5,20260403,10D
652,B1651,580,PSG_65c70e8de59b4199,1,20250909,21B
653,B1652,197,PSG_37dda8ff70bd28d6,4,20251219,23C
654,B1653,311,PSG_016e1919cf8995e4,1,20260326,31B
655,B1654,402,PSG_160670f6903b3995,5,20250814,31A
656,B1655,141,PSG_b066bc679e0e70ee,4,20251009,7D
657,B1656,808,PSG_0b2b5055675910be,2,20250512,26E
658,B1657,276,PSG_5d08479ad1cfadbc,2,20250828,12B
659,B1658,272,PSG_f47f0f34899e999f,2,20250622,18D
660,B1659,984,PSG_4b4d5b609fc96225,4,20260117,6D
661,B1660,715,PSG_ca5abfe8d4341a46,1,20260404,12D
662,B1661,779,PSG_33a3a4b54a0af5db,4,20250421,18D
663,B1662,189,PSG_55eeacb645fb63be,2,20251013,17A
664,B1663,404,PSG_15281efbf1c58474,1,20250516,15B
665,B1664,742,PSG_f78a297b353ed60e,2,20251108,25B
666,B1665,659,PSG_10357556092d1315,1,20260304,29D
667,B1666,855,PSG_f4f0ace609c68ceb,4,20260305,32C
668,B1667,136,PSG_32a5816717bb54d2,1,20260216,32C
669,B1668,39,PSG_59ada51deb6edc54,4,20250430,3B
670,B1669,282,PSG_892547c4cf89fcf8,2,20250616,3E
671,B1670,751,PSG_757b6d1cd896ec8a,1,20250512,16C
672,B1671,550,PSG_0296b966e95c1483,2,20250708,22C
673,B1672,380,PSG_2ef711294e79ae5f,1,20250801,14E
674,B1673,418,PSG_4372da3ae00947af,5,20250612,28B
675,B1674,830,PSG_ee16729e357feb3a,1,20251103,18C
676,B1675,111,PSG_0296b966e95c1483,1,20250801,9A
677,B1676,468,PSG_a2793293a0a5ae73,4,20260414,24C
678,B1677,900,PSG_c2114e2c2b38ab04,4,20260131,29C
679,B1678,240,PSG_10357556092d1315,4,20251231,24B
680,B1679,256,PSG_4f2572849dddadd6,1,20250817,25A
681,B1680,524,PSG_aa4caefdecfbeaf7,5,20260319,11F
682,B1681,661,PSG_2e0fbed3011835b9,1,20260402,15C
683,B1682,885,PSG_6e5ec7a3341de540,1,20250710,20B
684,B1683,321,PSG_0802780d214bb789,2,20250807,9C
685,B1684,833,PSG_60b81de77f1f21f7,4,20251118,8E
686,B1685,709,PSG_d3ae6c243403a2fc,1,20250515,25E
687,B1686,911,PSG_9eefa0090480ceea,2,20251117,23E
688,B1687,597,PSG_acc87a6d7fe91a19,4,20251012,22F
689,B1688,328,PSG_47835134265fcadc,4,20250614,9D
690,B1689,677,PSG_bf6f9a6625797ea4,1,20250710,20B
691,B1690,670,PSG_f33f770694dead37,4,20250628,12C
692,B1691,613,PSG_366e138b913e1fdf,4,20260123,12E
693,B1692,592,PSG_c27ea93eabaa7cae,2,20260402,18A
694,B1693,518,PSG_626e7eb0c910134e,2,20260102,11F
695,B1694,628,PSG_f08b466607c00d9d,4,20260401,24D
696,B1695,251,PSG_12a370ee176ff892,2,20260413,4F
697,B1696,55,PSG_c36ba4df47606317,4,20251128,11C
698,B1697,475,PSG_516e00fb73dc7153,1,20251112,34B
699,B1698,287,PSG_2bd876c5fb9b3802,2,20260202,31D
700,B1699,480,PSG_59e12b2731023904,4,20251211,15D
701,B1700,737,PSG_1853027b7c78d483,4,20260104,14B
702,B1701,103,PSG_f563ff527ed95961,2,20251016,13F
703,B1702,955,PSG_99e2e7edb2cd6c97,2,20250422,31F
704,B1703,263,PSG_e161084a3576b5d4,1,20251225,19B
705,B1704,27,PSG_9d74c3adc19a8c73,4,20250723,29A
706,B1705,971,PSG_ef52c0cecca53002,1,20260131,3B
707,B1706,171,PSG_165f18db2419deab,1,20250907,15C
708,B1707,275,PSG_1557a87fd264e7b2,1,20250705,1B
709,B1708,157,PSG_b3fd1359551efacd,2,20251122,3C
710,B1709,289,PSG_f02901b1af09d980,1,20251003,22B
711,B1710,871,PSG_846840ddb046fcaf,2,20250805,21E
712,B1711,167,PSG_4d4e9c700314aab4,5,20260129,4C
713,B1712,499,PSG_e3c720301fac9aed,1,20250906,17C
714,B1713,768,PSG_e4ab0da72b5aea1f,1,20250831,17D
715,B1714,227,PSG_8950b4178512e57c,4,20251211,34C
716,B1715,37,PSG_be5cd6b47ccae2ea,1,20250827,20C
717,B1716,107,PSG_7f443edb4d02580a,4,20251222,28A
718,B1717,651,PSG_0780df8c368d64e5,1,20251106,14A
719,B1718,890,PSG_af5a99ce09377b82,1,20250617,9B
720,B1719,192,PSG_f18cc9d101ace797,1,20251112,29E
721,B1720,472,PSG_dfba15bdf165449c,1,20251127,27B
722,B1721,652,PSG_559d3b3f2a23d161,4,20260325,21A
723,B1722,448,PSG_7fc3f085d9a80093,4,20260210,5E
724,B1723,363,PSG_287e5decc7f497a0,1,20251223,26B
725,B1724,76,PSG_9f38dc6c88d22152,1,20251010,11D
726,B1725,456,PSG_1a9e9127a40437b1,4,20250429,1E
727,B1726,326,PSG_bc56e5f89945651a,2,20250514,2B
728,B1727,222,PSG_293a684be7a481e2,2,20260315,27D
729,B1728,361,PSG_aa33263a822eb14b,2,20251212,1C
730,B1729,454,PSG_4372bde5ec19b83e,4,20250603,4F
731,B1730,312,PSG_a8fa501807540449,4,20250429,25F
732,B1731,210,PSG_159a42f079e1ad9d,2,20250712,25F
733,B1732,441,PSG_5a06dfe2a0c65767,2,20260115,3A
734,B1733,534,PSG_1dc846e3218b9cc8,1,20260416,2E
735,B1734,320,PSG_0802780d214bb789,4,20250929,27E
736,B1735,658,PSG_97de03648ab11264,4,20250512,34E
737,B1736,750,PSG_6d1896a0dc72f12d,2,20260126,28E
738,B1737,811,PSG_44e094b33bc879bc,2,20250611,1E
739,B1738,746,PSG_59e12b2731023904,4,20250814,27B
740,B1739,124,PSG_0e6f7e7011940cc3,1,20250629,34F
741,B1740,690,PSG_e9b9dfda833612b6,2,20251116,14D
742,B1741,297,PSG_9584ebe78a1603a2,4,20250518,18E
743,B1742,144,PSG_a3af87c5055994ee,4,20250914,16D
744,B1743,137,PSG_6395f46910dfaff8,3,20251121,6F
745,B1744,912,PSG_81999962824824f4,1,20250905,10A
746,B1745,912,PSG_9fd59d4fc83373a6,2,20250520,27B
747,B1746,666,PSG_ee1df5b4aacb8407,2,20250831,34D
748,B1747,131,PSG_e9cb44f8093ae1f5,2,20250420,9F
749,B1748,901,PSG_0296b966e95c1483,4,20251115,9A
750,B1749,745,PSG_5f5cdbf52db9f23e,2,20260219,23D
751,B1750,685,PSG_4984aa1beb7aa60b,4,20250921,33D
752,B1751,965,PSG_b7544e8b848453dd,2,20250919,17E
753,B1752,285,PSG_0da862688b96018d,1,20250813,34F
754,B1753,678,PSG_5b856f2a07d2817b,1,20250808,5C
755,B1754,586,PSG_3518727c43365222,4,20260211,3C
756,B1755,398,PSG_e1483802705b5b4d,1,20260217,10F
757,B1756,622,PSG_5b36cbff10dffd11,4,20260127,11F
758,B1757,486,PSG_b0a83fc14300474b,4,20250424,22B
759,B1758,782,PSG_608b9554fa432e18,1,20260228,26B
760,B1759,442,PSG_5c6dc5c8834bf905,4,20251026,16F
761,B1760,924,PSG_65fa162c86eb6a19,1,20260114,31B
762,B1761,370,PSG_1dc846e3218b9cc8,2,20250522,15A
763,B1762,823,PSG_eb64654278a8a1a6,2,20250604,32B
764,B1763,865,PSG_3f72a0c26d270e6a,1,20251006,3B
765,B1764,584,PSG_c2c1126b4e51df83,1,20250620,13B
766,B1765,616,PSG_843c9bb31fc19493,1,20251221,1C
767,B1766,173,PSG_90eac4e0763fb0fe,1,20250907,1F
768,B1767,457,PSG_acad92a44761765c,2,20251119,6D
769,B1768,401,PSG_21f591e39a0f4f41,4,20260323,13C
770,B1769,637,PSG_a440122036e58f0a,3,20251123,6F
771,B1770,203,PSG_4f2572849dddadd6,2,20250804,8D
772,B1771,138,PSG_797520f587701ea4,4,20250524,1F
773,B1772,109,PSG_c90e77e6fb97dac0,5,20250829,10B
774,B1773,345,PSG_f913addb4d323bc4,4,20260101,16E
775,B1774,934,PSG_3428b2f00ea4c443,1,20260107,1B
776,B1775,279,PSG_f08b466607c00d9d,1,20250619,14B
777,B1776,894,PSG_5c6dc5c8834bf905,1,20251227,17A
778,B1777,154,PSG_190faf1c895eba7d,2,20250426,11A
779,B1778,161,PSG_fd3a7c2d4526d6c1,2,20250801,10D
780,B1779,153,PSG_08a6ecfd046a96a9,4,20260201,22B
781,B1780,225,PSG_93d807f5d4625129,4,20260210,11B
782,B1781,462,PSG_79dd670f36196611,4,20260209,18C
783,B1782,489,PSG_8b6f315d6ee4e934,2,20250818,25F
784,B1783,266,PSG_21f591e39a0f4f41,4,20250928,25D
785,B1784,898,PSG_822b943ea0db2b24,1,20250820,1B
786,B1785,208,PSG_80e12e40864fdf9e,4,20250819,1B
787,B1786,119,PSG_0d5b5e7cf493aedc,1,20260212,26B
788,B1787,334,PSG_f39ab45686de1ddc,2,20250711,1E
789,B1788,789,PSG_32c484753c1ce814,1,20250605,2B
790,B1789,48,PSG_e23db4c7280c7093,1,20260113,30F
791,B1790,265,PSG_23aa8b46583ba0a5,1,20250423,28A
792,B1791,438,PSG_5ffa84a44db7e156,2,20260224,3C
793,B1792,165,PSG_97d4f9802e76aadf,2,20260117,8E
794,B1793,630,PSG_0e0f5939d985d3cd,2,20251125,14C
795,B1794,933,PSG_b9bb8063e776531d,2,20250626,8D
796,B1795,933,PSG_9198ee38eb11d07c,4,20260321,9C
797,B1796,756,PSG_a0fd5d61e8cf347f,2,20251128,9B
798,B1797,313,PSG_aaef97782d6b6b54,1,20250603,1A
799,B1798,970,PSG_9f026c3e09aa301f,2,20250516,23E
800,B1799,378,PSG_27126f1f14e34102,4,20260205,16E
801,B1800,654,PSG_516974174599c629,4,20250822,7F
802,B1801,121,PSG_20bc844d6325ee4e,4,20260414,34F
803,B1802,382,PSG_9fb09a6a232c2cb5,3,20250630,16B
804,B1803,663,PSG_1fa86c83c299735b,2,20260221,24F
805,B1804,503,PSG_78f6ee9b814ae1c1,2,20251112,1F
806,B1805,639,PSG_0e0f5939d985d3cd,2,20251026,14B
807,B1806,388,PSG_e10923053029577f,1,20250802,17A
808,B1807,185,PSG_468a1f7f847f4b4b,1,20250628,12C
809,B1808,465,PSG_f56b5845c676bdac,4,20260126,3B
810,B1809,818,PSG_2a8332bee88d5ca3,4,20260409,13B
811,B1810,228,PSG_cd1079b634e62e29,2,20260320,34B
812,B1811,716,PSG_583a655f9c3989ef,1,20260404,25A
813,B1812,427,PSG_58216c6cd3878478,1,20260106,8A
814,B1813,375,PSG_92bed7d57cc0f369,3,20250421,9D
815,B1814,806,PSG_594ee61399f50e9b,2,20250622,26C
816,B1815,910,PSG_0aeb8bc25150b20a,4,20250501,3C
817,B1816,987,PSG_41f700fccf23e020,4,20250621,20F
818,B1817,33,PSG_717818e486002c9e,4,20250607,28D
819,B1818,385,PSG_72e620f1598bac4b,2,20251107,26B
820,B1819,288,PSG_ef2763670e937345,2,20260119,21E
821,B1820,244,PSG_e6fddd2c9cd86402,4,20251201,18E
822,B1821,160,PSG_7a2500b026aa1ed4,4,20251127,1C
823,B1822,88,PSG_a3b31a6152e17b7a,1,20260105,17D
824,B1823,155,PSG_757b6d1cd896ec8a,1,20251126,19E
825,B1824,366,PSG_3cad1ba4399b433c,4,20260415,9B
826,B1825,139,PSG_ca58825aa07eeed1,4,20250517,5E
827,B1826,101,PSG_fb91f6e7fbd0acd7,1,20250711,19A
828,B1827,325,PSG_d0186b62fdc6e863,4,20250623,20D
829,B1828,620,PSG_93d807f5d4625129,1,20250518,25B
830,B1829,217,PSG_f5963150ae36c285,1,20260115,4E
831,B1830,100,PSG_468a1f7f847f4b4b,1,20260415,23C
832,B1831,81,PSG_fb5cba62c24beefb,2,20260205,21C
833,B1832,682,PSG_c7cecbd07c39e673,2,20250617,4D
834,B1833,60,PSG_58216c6cd3878478,4,20250607,27D
835,B1834,902,PSG_b737bbba5d917e53,1,20250814,33E
836,B1835,805,PSG_2b868c4f0db8cf74,2,20260207,2E
837,B1836,437,PSG_4ddab1346d89fcf2,4,20250923,13A
838,B1837,582,PSG_72b1859097a1598e,4,20251031,22F
839,B1838,627,PSG_b7a34fd550df9a95,4,20250612,18F
840,B1839,591,PSG_7f443edb4d02580a,4,20250509,9C
841,B1840,626,PSG_1930bf3d1822c493,4,20250419,34A
842,B1841,784,PSG_a3af87c5055994ee,1,20251024,1E
843,B1842,62,PSG_b066bc679e0e70ee,4,20260217,3B
844,B1843,702,PSG_ce5b3c65b195bfa2,1,20250815,23E
845,B1844,120,PSG_b5de11eaa6579643,2,20251126,3B
846,B1845,392,PSG_e2ff672c67dba849,4,20260305,24A
847,B1846,845,PSG_a81c6101d5c375b1,2,20250830,34F
848,B1847,277,PSG_1007424982c466cf,1,20260406,11B
849,B1848,757,PSG_62e47497072bce73,1,20250519,30D
850,B1849,655,PSG_532a3d753cfa071b,3,20250624,12E
851,B1850,110,PSG_b16ab4cfea2863f1,4,20250421,33B
852,B1851,231,PSG_4372bde5ec19b83e,4,20251126,2D
853,B1852,95,PSG_2431d66b6154b9bd,2,20250809,33E
854,B1853,827,PSG_319988137a8aaac3,2,20250505,18F
855,B1854,649,PSG_04a0f6495039747e,2,20250810,29D
856,B1855,6,PSG_26484655789521fe,4,20260104,3D
857,B1856,999,PSG_1b633c2db0881f94,4,20250504,4E
858,B1857,336,PSG_f33f770694dead37,4,20260307,17E
859,B1858,8,PSG_d6e6dc9280dab1f8,5,20251125,10B
860,B1859,466,PSG_2b635da4c2c1f071,4,20251111,7B
861,B1860,816,PSG_ad5180c71d851149,5,20250801,3A
862,B1861,396,PSG_d2506808cb35ab5a,2,20251015,25E
863,B1862,360,PSG_d975c3a016e556ed,4,20251005,21A
864,B1863,792,PSG_224b52f5189d38d2,2,20260212,22C
865,B1864,851,PSG_581b4cd15d8c2442,1,20250927,22C
866,B1865,535,PSG_63435f0bffb0f8d6,1,20250728,15E
867,B1866,951,PSG_c2829255fd5b1448,2,20260128,7A
868,B1867,791,PSG_341f489540bc9870,2,20251123,13D
869,B1868,585,PSG_36dc59512804c8d3,1,20260410,29E
870,B1869,881,PSG_516e00fb73dc7153,2,20260204,19C
871,B1870,45,PSG_608b9554fa432e18,1,20250425,5D
872,B1871,415,PSG_140ee978484a5bed,1,20251004,23E
873,B1872,515,PSG_8f2b5ed721c839b0,4,20250709,26E
874,B1873,264,PSG_6dbfb9ae21967601,2,20250425,11B
875,B1874,108,PSG_922926a356a15f6b,2,20260126,16E
876,B1875,69,PSG_a18091875c24eb75,4,20250617,17D
877,B1876,72,PSG_08a6ecfd046a96a9,1,20250614,18F
878,B1877,96,PSG_6248aa1b8ffbc165,2,20251109,33F
879,B1878,759,PSG_99fe84bbf4f05093,4,20251231,31D
880,B1879,474,PSG_8a596134df58240c,4,20251203,9E
881,B1880,920,PSG_31b6eb032ca8fb15,2,20260308,2E
882,B1881,812,PSG_c86b2d1270e4ab76,4,20250826,8E
883,B1882,216,PSG_e890e8b71d6b686b,1,20251017,18B
884,B1883,485,PSG_8fa4e6fd8fac1983,4,20251117,5B
885,B1884,798,PSG_86c04e76a53c22a0,1,20250831,31D
886,B1885,826,PSG_b4447e028d03d5ca,1,20250810,11B
887,B1886,130,PSG_5590fc1b689b6a9b,3,20260212,9D
888,B1887,247,PSG_ee1f38e4c979640a,4,20260309,23F
889,B1888,159,PSG_3428b2f00ea4c443,1,20251225,25C
890,B1889,859,PSG_e486e0c5f66b74bc,1,20260224,22C
891,B1890,102,PSG_a29b9aace2de6158,4,20250830,12E
892,B1891,959,PSG_950561808e25aca0,1,20260126,18D
893,B1892,32,PSG_f29385d5d4b9f8d2,4,20250824,17F
894,B1893,186,PSG_1f4eb97872afffb0,2,20250802,19A
895,B1894,106,PSG_b93b49454f690783,1,20260224,4F
896,B1895,292,PSG_a389abe8a7cf308f,1,20251005,14E
897,B1896,428,PSG_89d992f3de41e1f7,4,20251130,11F
898,B1897,54,PSG_0aaa3006d182145e,4,20251101,26F
899,B1898,458,PSG_f3a60c8cabba7a4c,4,20251003,10D
900,B1899,650,PSG_130fb60cd23c924a,4,20250928,4B
901,B1900,749,PSG_1853027b7c78d483,1,20251006,11C
902,B1901,876,PSG_c3cc2f73c0654b9d,2,20250425,21A
903,B1902,683,PSG_3a5da39806f09743,2,20260208,14F
904,B1903,242,PSG_7522b96f336f7d31,2,20251106,9B
905,B1904,986,PSG_613a164920f3d260,2,20250701,8B
906,B1905,646,PSG_cf829a3fce5b0599,4,20260213,24B
907,B1906,306,PSG_c9156bb5f8892855,1,20250811,22B
908,B1907,147,PSG_0780df8c368d64e5,1,20260114,1B
909,B1908,755,PSG_0781efc26bf2c900,1,20250809,23B
910,B1909,501,PSG_a59daad3d88cce5e,4,20251114,31B
911,B1910,935,PSG_4b4d5b609fc96225,1,20250610,5C
912,B1911,337,PSG_7220f5eb33042e2d,4,20250529,27C
913,B1912,205,PSG_841e7209a2992581,1,20250909,19D
914,B1913,395,PSG_0feab23ffe94d7c8,2,20250524,27B
915,B1914,887,PSG_4e8947d0b96fe2e7,4,20251019,20A
916,B1915,502,PSG_930f560f643e86e8,1,20250603,18B
917,B1916,384,PSG_b12847102acec1fe,2,20251030,7D
918,B1917,953,PSG_8fa4e6fd8fac1983,3,20250803,27A
919,B1918,953,PSG_4c0e8b6133b7327f,2,20251007,2B
920,B1919,80,PSG_a66a4d2b6c18800c,4,20260317,7C
921,B1920,621,PSG_a8df2f386d990a57,4,20250511,14A
922,B1921,641,PSG_0d4b07dafa68894e,1,20250424,21F
923,B1922,413,PSG_e310fc9f01959cd9,2,20250514,7D
924,B1923,942,PSG_804da4c94803235f,1,20251128,33F
925,B1924,567,PSG_a59daad3d88cce5e,1,20250504,27D
926,B1925,944,PSG_31157ad3cee331ed,2,20250420,7D
927,B1926,352,PSG_fb80482917dff513,1,20251127,18F
928,B1927,433,PSG_20a750d5f688ecfc,4,20260128,27D
929,B1928,563,PSG_d5949b19e7cfe022,1,20260123,6F
930,B1929,563,PSG_8bd624c7e031641e,2,20251105,6A
931,B1930,853,PSG_404c38145bf89156,4,20251216,3B
932,B1931,557,PSG_b00c31925371f945,4,20250926,16C
933,B1932,470,PSG_f8edf4471ee668ee,1,20251228,4B
934,B1933,82,PSG_7cb7260bbe6e3eb2,1,20250528,7B
935,B1934,990,PSG_d6e6dc9280dab1f8,4,20260412,9F
936,B1935,787,PSG_35092ec113702b4a,1,20260413,6C
937,B1936,706,PSG_ce3a9b7e0fd02bf6,2,20260111,14D
938,B1937,267,PSG_31b6eb032ca8fb15,1,20260219,16E
939,B1938,978,PSG_e17de473247afa11,1,20260407,19B
940,B1939,738,PSG_72edf57df46c608a,4,20250722,22B
941,B1940,825,PSG_0aaaa6fc436f73e3,1,20250625,17C
942,B1941,1003,PSG_6c0ad61eab2cf224,1,20250613,19D
943,B1942,416,PSG_ef83d0b1eee9a4e2,1,20250718,23D
944,B1943,561,PSG_4590d7acdf0b3815,2,20260313,7E
945,B1944,710,PSG_978949e6ae197cde,1,20250720,10B
946,B1945,207,PSG_b0a83fc14300474b,2,20251103,24A
947,B1946,917,PSG_1fa86c83c299735b,2,20260330,15A
948,B1947,397,PSG_df2b7c74af48fcf1,2,20251022,1A
949,B1948,671,PSG_fa8aa99dadef34d4,2,20250519,10A
950,B1949,40,PSG_144964ef07138bad,4,20250516,15B
951,B1950,822,PSG_7220f5eb33042e2d,2,20250615,21B
952,B1951,822,PSG_905c226ad398704d,1,20260318,3F
953,B1952,358,PSG_7ee3cb94c0fb0234,2,20251018,2C
954,B1953,423,PSG_03065fe623975d49,1,20250524,19A
955,B1954,766,PSG_16f362a596dcf148,2,20251106,2A
956,B1955,483,PSG_6e68557d9e41e1f0,4,20250914,22B
957,B1956,335,PSG_41d7d7d83c5bb81e,2,20250921,3B
958,B1957,93,PSG_a350d8cdba959d3b,2,20250607,32E
959,B1958,389,PSG_88948df9474faa3a,4,20250428,29C
960,B1959,443,PSG_852f6a70f833976b,2,20251219,23D
961,B1960,183,PSG_151a1561b2526b92,1,20260130,27E
962,B1961,200,PSG_d5a48978bd90bb9d,2,20250715,28A
963,B1962,603,PSG_583a655f9c3989ef,2,20251223,18C
964,B1963,803,PSG_8bd624c7e031641e,2,20260224,27F
965,B1964,758,PSG_b96633293f1cd6a7,4,20250521,18B
966,B1965,90,PSG_b546889913068c44,2,20260129,20D
967,B1966,775,PSG_8e184e0dc06822b8,2,20251106,12B
968,B1967,425,PSG_c3d400bce98a9a1a,1,20250703,22C
969,B1968,89,PSG_68a9fe92d59c366a,2,20251011,2D
970,B1969,218,PSG_5ff5e37a55973e33,2,20260408,29A
971,B1970,241,PSG_822b943ea0db2b24,2,20251126,12B
972,B1971,116,PSG_e9cb44f8093ae1f5,2,20250820,2B
973,B1972,972,PSG_6248aa1b8ffbc165,1,20250418,19B
974,B1973,559,PSG_62e47497072bce73,1,20250428,8C
975,B1974,481,PSG_d3ae6c243403a2fc,4,20250803,15B
976,B1975,921,PSG_cf829a3fce5b0599,5,20250826,20E
977,B1976,500,PSG_e10923053029577f,4,20250827,16F
978,B1977,778,PSG_4670e3d823bb9d3f,4,20260101,4A
979,B1978,606,PSG_5f320626f0cee837,2,20251207,12C
980,B1979,618,PSG_a7c57607f46a45de,1,20251202,1F
981,B1980,581,PSG_181664944f836249,1,20251204,15A
982,B1981,510,PSG_626e7eb0c910134e,2,20250517,19D
983,B1982,162,PSG_da24c296e857b990,5,20250617,7A
984,B1983,874,PSG_da8d2227bf0e70c0,5,20250628,27A
985,B1984,198,PSG_854330fe4ce0a477,2,20250425,27F
986,B1985,239,PSG_e1d0046ae5620b99,2,20250928,31F
987,B1986,703,PSG_32c484753c1ce814,2,20251007,13F
988,B1987,44,PSG_4bdc85806f98bbf7,1,20260312,19F
989,B1988,248,PSG_ed36baac06ff9f70,4,20260217,13A
990,B1989,2,PSG_3b784b2850ddb285,5,20251210,16F
991,B1990,723,PSG_e99de47c92f9ce3d,2,20260331,14B
992,B1991,864,PSG_d669610938ec1d61,1,20260114,22E
993,B1992,215,PSG_156253c626fc9b9a,2,20250425,25C
994,B1993,364,PSG_a4834931c560888d,1,20260311,5B
995,B1994,863,PSG_252862fff1fd7964,2,20260331,21D
996,B1995,531,PSG_8d74a8beaec74772,1,20251120,11C
997,B1996,879,PSG_68a342c0b41941a3,1,20250808,27E
998,B1997,223,PSG_ea88f2e97a8d805b,4,20250503,27B
999,B1998,11,PSG_575a190a4a72af70,2,20251023,14C
1000,B1999,897,PSG_d9a9802ee9a4b19f,3,20250808,12B
