flight_sk,flight_id,airline_key,route_key,departure_date_key,departure_ts,arrival_ts,duration_minutes,is_overnight,is_red_eye,departure_hour,was_corrected,correction_reason
-1,UNKNOWN,4,-1,,,,,,,,False,quarantined_flight_placeholder
1,6F001,2,22,20260419,2026-04-19 11:33:41.700,2026-04-19 13:08:41.700,95.0,False,False,11,False,
2,6F002,2,5,20260417,2026-04-17 14:11:41.700,2026-04-17 17:34:41.700,203.0,False,False,14,False,
3,6F003,2,22,20260419,2026-04-19 20:06:41.700,2026-04-19 23:13:41.700,187.0,False,False,20,False,
4,6F004,2,7,20260418,2026-04-18 19:53:41.701,2026-04-18 23:33:41.701,220.0,False,False,19,False,
5,6F005,2,10,20260419,2026-04-19 11:04:41.701,2026-04-19 15:27:41.701,263.0,False,False,11,False,
6,6F006,2,6,20260418,2026-04-18 03:06:41.701,2026-04-18 05:06:42.000,120.0,False,True,3,False,
7,6F007,2,25,20260419,2026-04-19 18:55:41.701,2026-04-19 19:54:41.701,59.0,False,False,18,False,
8,6F008,2,17,20260418,2026-04-18 00:14:41.701,2026-04-18 04:59:41.701,285.0,False,True,0,False,
9,6F009,2,2,20260418,2026-04-18 20:21:41.701,2026-04-18 23:36:41.701,195.0,False,False,20,False,
10,6F010,2,16,20260419,2026-04-19 23:53:41.701,2026-04-20 03:44:41.701,231.0,True,True,23,False,
11,6F011,2,26,20260417,2026-04-17 15:16:41.701,2026-04-17 17:16:42.000,120.0,False,False,15,False,
12,6F012,2,14,20260420,2026-04-20 18:06:41.701,2026-04-20 21:31:41.701,205.0,False,False,18,False,
13,6F013,2,7,20260419,2026-04-19 13:15:41.701,2026-04-19 18:05:41.701,290.0,False,False,13,False,
14,6F014,2,20,20260419,2026-04-19 19:42:41.701,2026-04-19 23:15:41.701,213.0,False,False,19,False,
15,6F015,2,7,20260418,2026-04-18 23:39:41.701,2026-04-19 02:27:41.701,168.0,True,True,23,False,
16,6F016,2,22,20260418,2026-04-18 22:18:41.701,2026-04-18 22:54:41.701,36.0,False,True,22,False,
17,6F017,2,12,20260420,2026-04-20 15:25:41.701,2026-04-20 18:06:41.701,161.0,False,False,15,False,
18,6F018,2,16,20260420,2026-04-20 10:57:41.701,2026-04-20 11:43:41.701,46.0,False,False,10,False,
19,6F019,2,1,20260420,2026-04-20 00:19:41.701,2026-04-20 04:14:41.701,235.0,False,True,0,False,
20,6F020,2,9,20260419,2026-04-19 14:58:41.701,2026-04-19 16:43:41.701,105.0,False,False,14,False,
21,6F021,2,5,20260418,2026-04-18 21:23:41.701,2026-04-19 01:25:41.701,242.0,True,False,21,False,
22,6F022,2,26,20260419,2026-04-19 21:46:41.701,2026-04-20 02:05:41.701,259.0,True,False,21,False,
23,6F023,2,26,20260418,2026-04-18 20:18:41.701,2026-04-19 00:14:41.701,236.0,True,False,20,False,
24,6F024,2,8,20260419,2026-04-19 07:31:41.701,2026-04-19 11:17:41.701,226.0,False,False,7,False,
25,6F025,2,1,20260420,2026-04-20 23:02:41.701,2026-04-20 23:57:41.701,55.0,False,True,23,False,
26,6F026,2,7,20260420,2026-04-20 22:46:42.000,2026-04-21 03:13:42.000,267.0,True,True,22,False,
27,6F027,2,3,20260418,2026-04-18 16:52:41.701,2026-04-18 18:21:41.701,89.0,False,False,16,False,
28,6F028,2,23,20260420,2026-04-20 19:49:41.701,2026-04-20 21:49:41.701,120.0,False,False,19,False,
29,6F029,2,6,20260420,2026-04-20 07:31:41.701,2026-04-20 11:45:41.701,254.0,False,False,7,False,
30,6F030,2,8,20260420,2026-04-20 14:20:41.701,2026-04-20 17:10:41.701,170.0,False,False,14,False,
31,6F031,2,6,20260420,2026-04-20 02:00:41.701,2026-04-20 06:37:41.701,277.0,False,True,2,False,
32,6F032,2,17,20260417,2026-04-17 23:43:41.701,2026-04-18 02:22:41.701,159.0,True,True,23,False,
33,6F033,2,19,20260418,2026-04-18 07:08:41.701,2026-04-18 09:08:41.701,120.0,False,False,7,False,
34,6F034,2,8,20260420,2026-04-20 11:53:41.701,2026-04-20 12:49:41.701,56.0,False,False,11,False,
35,6F035,2,14,20260418,2026-04-18 19:16:41.701,2026-04-18 23:40:41.701,264.0,False,False,19,False,
36,6F036,2,11,20260420,2026-04-20 02:14:41.701,2026-04-20 06:57:41.701,283.0,False,True,2,False,
37,6F037,2,10,20260418,2026-04-18 14:51:41.701,2026-04-18 17:23:41.701,152.0,False,False,14,False,
38,6F038,2,25,20260419,2026-04-19 15:36:41.701,2026-04-19 19:33:41.701,237.0,False,False,15,False,
39,6F039,2,28,20260418,2026-04-18 16:43:41.701,2026-04-18 21:01:41.701,258.0,False,False,16,False,
40,6F040,2,23,20260417,2026-04-17 15:52:41.701,2026-04-17 20:33:41.701,281.0,False,False,15,False,
41,6F041,2,27,20260419,2026-04-19 13:19:41.701,2026-04-19 16:48:41.701,209.0,False,False,13,False,
42,6F042,2,24,20260418,2026-04-18 22:35:41.701,2026-04-19 02:41:41.701,246.0,True,True,22,False,
43,6F043,2,9,20260420,2026-04-20 17:17:41.701,2026-04-20 18:43:41.701,86.0,False,False,17,False,
44,6F044,2,19,20260417,2026-04-17 13:25:41.701,2026-04-17 17:36:41.701,251.0,False,False,13,False,
45,6F045,2,9,20260417,2026-04-17 23:04:41.701,2026-04-18 03:38:41.701,274.0,True,True,23,False,
46,6F046,2,16,20260420,2026-04-20 01:27:41.701,2026-04-20 05:08:41.701,221.0,False,True,1,False,
47,6F047,2,29,20260420,2026-04-20 13:50:41.701,2026-04-20 15:55:41.701,125.0,False,False,13,False,
48,6F048,2,24,20260418,2026-04-18 10:27:41.701,2026-04-18 11:18:41.701,51.0,False,False,10,False,
49,6F049,2,24,20260420,2026-04-20 10:00:41.701,2026-04-20 13:13:41.701,193.0,False,False,10,False,
50,6F050,2,17,20260419,2026-04-19 00:35:41.701,2026-04-19 04:32:41.701,237.0,False,True,0,False,
51,6F051,2,1,20260420,2026-04-20 13:58:41.701,2026-04-20 15:58:41.701,120.0,False,False,13,False,
52,6F052,2,7,20260419,2026-04-19 09:13:41.701,2026-04-19 12:02:41.701,169.0,False,False,9,False,
53,6F053,2,19,20260418,2026-04-18 20:26:41.701,2026-04-19 00:39:41.701,253.0,True,False,20,False,
54,6F054,2,21,20260417,2026-04-17 22:00:41.701,2026-04-18 01:25:41.701,205.0,True,True,22,False,
55,6F055,2,18,20260418,2026-04-18 16:21:41.701,2026-04-18 18:49:41.701,148.0,False,False,16,False,
56,6F056,2,10,20260420,2026-04-20 07:00:41.701,2026-04-20 08:49:41.701,109.0,False,False,7,False,
57,6F057,2,29,20260417,2026-04-17 12:32:41.701,2026-04-17 15:50:41.701,198.0,False,False,12,False,
58,6F058,2,7,20260420,2026-04-20 01:04:41.701,2026-04-20 03:33:41.701,149.0,False,True,1,False,
59,6F059,2,8,20260419,2026-04-19 01:12:41.701,2026-04-19 06:02:41.701,290.0,False,True,1,False,
60,6F060,2,16,20260418,2026-04-18 05:29:41.701,2026-04-18 07:29:42.000,120.0,False,False,5,False,
61,6F061,2,27,20260419,2026-04-19 07:28:41.701,2026-04-19 08:09:41.701,41.0,False,False,7,False,
62,6F062,2,13,20260418,2026-04-18 04:55:41.701,2026-04-18 06:22:41.701,87.0,False,True,4,False,
63,6F063,2,19,20260419,2026-04-19 04:42:41.701,2026-04-19 07:31:41.701,169.0,False,True,4,False,
64,6F064,2,13,20260418,2026-04-18 21:45:41.701,2026-04-18 22:50:41.701,65.0,False,False,21,False,
65,6F065,2,26,20260419,2026-04-19 19:40:41.701,2026-04-19 22:23:41.701,163.0,False,False,19,False,
66,6F066,2,4,20260419,2026-04-19 06:07:41.701,2026-04-19 07:43:41.701,96.0,False,False,6,False,
67,6F067,2,26,20260419,2026-04-19 02:59:41.701,2026-04-19 06:02:41.701,183.0,False,True,2,False,
68,6F068,2,4,20260420,2026-04-20 11:17:41.701,2026-04-20 15:06:41.701,229.0,False,False,11,False,
69,6F069,2,26,20260417,2026-04-17 23:44:41.701,2026-04-18 03:17:41.701,213.0,True,True,23,False,
70,6F070,2,24,20260419,2026-04-19 23:23:41.701,2026-04-20 02:24:41.701,181.0,True,True,23,False,
71,6F071,2,18,20260419,2026-04-19 20:18:41.702,2026-04-20 00:31:41.702,253.0,True,False,20,False,
72,6F072,2,2,20260418,2026-04-18 02:14:41.702,2026-04-18 03:11:41.702,57.0,False,True,2,False,
73,6F073,2,18,20260420,2026-04-20 11:38:41.702,2026-04-20 15:18:41.702,220.0,False,False,11,False,
74,6F074,2,22,20260420,2026-04-20 11:09:41.702,2026-04-20 14:29:41.702,200.0,False,False,11,False,
75,6F075,2,7,20260419,2026-04-19 22:20:41.702,2026-04-20 03:02:41.702,282.0,True,True,22,False,
76,6F076,2,14,20260418,2026-04-18 15:35:41.702,2026-04-18 16:20:41.702,45.0,False,False,15,False,
77,6F077,2,13,20260420,2026-04-20 14:55:41.702,2026-04-20 19:13:41.702,258.0,False,False,14,False,
78,6F078,2,7,20260419,2026-04-19 22:04:41.702,2026-04-19 23:37:41.702,93.0,False,True,22,False,
79,6F079,2,30,20260419,2026-04-19 02:14:41.702,2026-04-19 06:18:41.702,244.0,False,True,2,False,
80,6F080,2,25,20260417,2026-04-17 19:47:41.702,2026-04-17 23:13:41.702,206.0,False,False,19,False,
81,6F081,2,26,20260418,2026-04-18 06:04:41.702,2026-04-18 07:43:41.702,99.0,False,False,6,False,
82,6F082,2,6,20260417,2026-04-17 20:26:41.702,2026-04-17 22:26:41.702,120.0,False,False,20,False,
83,6F083,2,3,20260420,2026-04-20 05:24:41.702,2026-04-20 06:03:41.702,39.0,False,False,5,False,
84,6F084,2,14,20260420,2026-04-20 10:34:41.702,2026-04-20 11:34:42.000,60.0,False,False,10,False,
85,6F085,2,25,20260419,2026-04-19 17:32:41.702,2026-04-19 19:32:42.000,120.0,False,False,17,False,
86,6F086,2,30,20260420,2026-04-20 20:23:41.702,2026-04-20 21:00:41.702,37.0,False,False,20,False,
87,6F087,2,19,20260418,2026-04-18 23:24:41.702,2026-04-19 03:10:41.702,226.0,True,True,23,False,
88,6F088,2,11,20260418,2026-04-18 05:51:41.702,2026-04-18 08:22:41.702,151.0,False,False,5,False,
89,6F089,2,19,20260417,2026-04-17 17:06:41.702,2026-04-17 19:10:41.702,124.0,False,False,17,False,
90,6F090,2,21,20260417,2026-04-17 15:10:41.702,2026-04-17 19:22:41.702,252.0,False,False,15,False,
91,6F091,2,2,20260420,2026-04-20 10:10:41.702,2026-04-20 11:36:41.702,86.0,False,False,10,False,
92,6F092,2,26,20260420,2026-04-20 08:39:41.702,2026-04-20 09:15:41.702,36.0,False,False,8,False,
93,6F093,2,13,20260417,2026-04-17 16:09:41.702,2026-04-17 20:00:41.702,231.0,False,False,16,False,
94,6F094,2,1,20260419,2026-04-19 07:37:41.702,2026-04-19 09:06:41.702,89.0,False,False,7,False,
95,6F095,2,5,20260418,2026-04-18 01:53:41.702,2026-04-18 05:34:41.702,221.0,False,True,1,False,
96,6F096,2,26,20260417,2026-04-17 22:45:41.702,2026-04-18 02:58:41.702,253.0,True,True,22,False,
97,6F097,2,1,20260420,2026-04-20 15:32:41.702,2026-04-20 16:49:41.702,77.0,False,False,15,False,
98,6F098,2,5,20260419,2026-04-19 10:18:41.702,2026-04-19 12:49:41.702,151.0,False,False,10,False,
99,6F099,2,29,20260420,2026-04-20 22:24:41.702,2026-04-20 22:59:41.702,35.0,False,True,22,False,
100,6F100,2,6,20260418,2026-04-18 04:40:41.702,2026-04-18 07:49:41.702,189.0,False,True,4,False,
101,6F101,2,10,20260418,2026-04-18 03:18:41.702,2026-04-18 08:15:41.702,297.0,False,True,3,False,
102,6F102,2,25,20260418,2026-04-18 01:10:41.702,2026-04-18 02:24:41.702,74.0,False,True,1,False,
103,6F103,2,15,20260418,2026-04-18 15:37:41.702,2026-04-18 18:32:41.702,175.0,False,False,15,False,
104,6F104,2,12,20260419,2026-04-19 05:39:41.702,2026-04-19 06:14:41.702,35.0,False,False,5,False,
105,6F105,2,1,20260420,2026-04-20 11:46:41.702,2026-04-20 12:58:41.702,72.0,False,False,11,False,
106,6F106,2,7,20260418,2026-04-18 00:10:41.702,2026-04-18 01:52:41.702,102.0,False,True,0,False,
107,6F107,2,11,20260418,2026-04-18 14:14:41.702,2026-04-18 17:14:42.000,180.0,False,False,14,False,
108,6F108,2,19,20260417,2026-04-17 23:41:41.702,2026-04-18 03:23:41.702,222.0,True,True,23,False,
109,6F109,2,1,20260418,2026-04-18 12:00:41.702,2026-04-18 12:51:41.702,51.0,False,False,12,False,
110,6F110,2,24,20260418,2026-04-18 02:27:41.702,2026-04-18 05:48:41.702,201.0,False,True,2,False,
111,6F111,2,24,20260418,2026-04-18 17:09:41.702,2026-04-18 20:02:41.702,173.0,False,False,17,False,
112,6F112,2,24,20260419,2026-04-19 21:00:41.702,2026-04-19 23:16:41.702,136.0,False,False,21,False,
113,6F113,2,7,20260419,2026-04-19 21:04:41.702,2026-04-20 01:30:41.702,266.0,True,False,21,False,
114,6F114,2,10,20260420,2026-04-20 20:10:41.702,2026-04-20 21:00:41.702,50.0,False,False,20,False,
115,6F115,2,26,20260419,2026-04-19 04:41:41.702,2026-04-19 06:23:41.702,102.0,False,True,4,False,
116,6F116,2,28,20260417,2026-04-17 16:43:41.702,2026-04-17 19:02:41.702,139.0,False,False,16,False,
117,6F117,2,13,20260419,2026-04-19 00:46:41.702,2026-04-19 01:51:41.702,65.0,False,True,0,False,
118,6F118,2,14,20260419,2026-04-19 19:52:41.702,2026-04-19 21:01:41.702,69.0,False,False,19,False,
119,6F119,2,17,20260418,2026-04-18 09:19:41.702,2026-04-18 11:33:41.702,134.0,False,False,9,False,
120,6F120,2,1,20260418,2026-04-18 05:14:41.702,2026-04-18 06:14:41.702,60.0,False,False,5,False,
121,6F121,2,25,20260418,2026-04-18 05:44:41.702,2026-04-18 10:42:41.702,298.0,False,False,5,False,
122,6F122,2,16,20260420,2026-04-20 01:44:41.702,2026-04-20 05:28:41.702,224.0,False,True,1,False,
123,6F123,2,19,20260420,2026-04-20 15:26:41.702,2026-04-20 17:12:41.702,106.0,False,False,15,False,
124,6F124,2,1,20260418,2026-04-18 10:47:41.702,2026-04-18 15:21:41.702,274.0,False,False,10,False,
125,6F125,2,7,20260419,2026-04-19 17:09:41.702,2026-04-19 21:13:41.702,244.0,False,False,17,False,
126,6F126,2,15,20260420,2026-04-20 08:21:41.702,2026-04-20 09:39:41.702,78.0,False,False,8,False,
127,6F127,2,22,20260419,2026-04-19 18:27:41.702,2026-04-19 22:28:41.702,241.0,False,False,18,False,
128,6F128,2,24,20260419,2026-04-19 16:56:41.702,2026-04-19 18:03:41.702,67.0,False,False,16,False,
129,6F129,2,18,20260420,2026-04-20 14:28:41.702,2026-04-20 16:47:41.702,139.0,False,False,14,False,
130,6F130,2,19,20260418,2026-04-18 01:27:41.702,2026-04-18 02:45:41.702,78.0,False,True,1,False,
131,6F131,2,4,20260418,2026-04-18 10:22:41.702,2026-04-18 14:20:41.702,238.0,False,False,10,False,
132,6F132,2,27,20260419,2026-04-19 12:00:41.702,2026-04-19 13:00:42.000,60.0,False,False,12,False,
133,6F133,2,26,20260420,2026-04-20 04:38:41.702,2026-04-20 06:25:41.702,107.0,False,True,4,False,
134,6F134,2,5,20260419,2026-04-19 12:47:41.702,2026-04-19 14:06:41.702,79.0,False,False,12,False,
135,6F135,2,30,20260419,2026-04-19 12:59:41.702,2026-04-19 13:45:41.702,46.0,False,False,12,False,
136,6F136,2,13,20260418,2026-04-18 20:24:41.702,2026-04-18 21:01:41.702,37.0,False,False,20,False,
137,6F137,2,13,20260418,2026-04-18 10:45:41.702,2026-04-18 15:01:41.702,256.0,False,False,10,False,
138,6F138,2,21,20260418,2026-04-18 09:49:41.702,2026-04-18 12:53:41.702,184.0,False,False,9,False,
139,6F139,2,25,20260418,2026-04-18 04:55:41.702,2026-04-18 08:17:41.702,202.0,False,True,4,False,
140,6F140,2,14,20260419,2026-04-19 16:30:41.702,2026-04-19 18:21:41.702,111.0,False,False,16,False,
141,6F141,2,7,20260418,2026-04-18 20:26:41.702,2026-04-18 22:28:41.702,122.0,False,False,20,False,
142,6F142,2,15,20260419,2026-04-19 02:05:41.702,2026-04-19 06:04:41.702,239.0,False,True,2,False,
143,6F143,2,13,20260420,2026-04-20 02:09:41.702,2026-04-20 06:08:41.702,239.0,False,True,2,False,
144,6F144,2,22,20260418,2026-04-18 11:56:41.702,2026-04-18 15:11:41.702,195.0,False,False,11,False,
145,6F145,2,13,20260419,2026-04-19 01:02:41.703,2026-04-19 02:18:41.703,76.0,False,True,1,False,
146,6F146,2,25,20260420,2026-04-20 13:51:41.703,2026-04-20 15:07:41.703,76.0,False,False,13,False,
147,6F147,2,25,20260417,2026-04-17 19:57:41.703,2026-04-18 00:31:41.703,274.0,True,False,19,False,
148,6F148,2,12,20260419,2026-04-19 20:23:41.703,2026-04-19 22:30:41.703,127.0,False,False,20,False,
149,6F149,2,2,20260420,2026-04-20 17:57:41.703,2026-04-20 20:42:41.703,165.0,False,False,17,False,
150,6F150,2,25,20260419,2026-04-19 12:55:41.703,2026-04-19 16:53:41.703,238.0,False,False,12,False,
151,6F151,2,14,20260420,2026-04-20 19:44:41.703,2026-04-20 22:04:41.703,140.0,False,False,19,False,
152,6F152,2,13,20260420,2026-04-20 15:21:41.703,2026-04-20 17:25:41.703,124.0,False,False,15,False,
153,6F153,2,11,20260418,2026-04-18 08:23:41.703,2026-04-18 12:20:41.703,237.0,False,False,8,False,
154,6F154,2,13,20260418,2026-04-18 11:26:41.703,2026-04-18 12:23:41.703,57.0,False,False,11,False,
155,6F155,2,16,20260418,2026-04-18 07:47:41.703,2026-04-18 08:20:41.703,33.0,False,False,7,False,
156,6F156,2,27,20260420,2026-04-20 02:23:41.703,2026-04-20 04:57:41.703,154.0,False,True,2,False,
157,6F157,2,28,20260418,2026-04-18 16:37:41.703,2026-04-18 18:04:41.703,87.0,False,False,16,False,
158,6F158,2,15,20260420,2026-04-20 11:58:41.703,2026-04-20 16:04:41.703,246.0,False,False,11,False,
159,6F159,2,12,20260418,2026-04-18 02:08:41.703,2026-04-18 02:43:41.703,35.0,False,True,2,False,
160,6F160,2,26,20260418,2026-04-18 04:09:41.703,2026-04-18 08:26:41.703,257.0,False,True,4,False,
161,6F161,2,29,20260418,2026-04-18 11:24:41.703,2026-04-18 12:21:41.703,57.0,False,False,11,False,
162,6F162,2,12,20260417,2026-04-17 14:50:41.703,2026-04-17 17:44:41.703,174.0,False,False,14,False,
163,6F163,2,27,20260419,2026-04-19 06:49:41.703,2026-04-19 10:46:41.703,237.0,False,False,6,False,
164,6F164,2,1,20260420,2026-04-20 22:18:41.703,2026-04-21 00:45:41.703,147.0,True,True,22,False,
165,6F165,2,1,20260418,2026-04-18 10:11:41.703,2026-04-18 11:09:41.703,58.0,False,False,10,False,
166,6F166,2,7,20260420,2026-04-20 00:03:41.703,2026-04-20 04:33:41.703,270.0,False,True,0,False,
167,6F167,2,1,20260418,2026-04-18 16:26:41.703,2026-04-18 17:50:41.703,84.0,False,False,16,False,
168,6F168,2,24,20260420,2026-04-20 12:18:41.703,2026-04-20 15:58:41.703,220.0,False,False,12,False,
169,6F169,2,8,20260420,2026-04-20 03:27:41.703,2026-04-20 08:06:41.703,279.0,False,True,3,False,
170,6F170,2,24,20260419,2026-04-19 02:44:41.703,2026-04-19 04:14:41.703,90.0,False,True,2,False,
171,6F171,2,16,20260418,2026-04-18 17:03:41.703,2026-04-18 18:12:41.703,69.0,False,False,17,False,
172,6F172,2,6,20260419,2026-04-19 09:53:41.703,2026-04-19 14:46:41.703,293.0,False,False,9,False,
173,6F173,2,7,20260418,2026-04-18 12:19:41.703,2026-04-18 13:08:41.703,49.0,False,False,12,False,
174,6F174,2,19,20260420,2026-04-20 21:36:41.703,2026-04-20 22:16:41.703,40.0,False,False,21,False,
175,6F175,2,28,20260419,2026-04-19 13:18:41.703,2026-04-19 15:13:41.703,115.0,False,False,13,False,
176,6F176,2,13,20260419,2026-04-19 20:23:42.000,2026-04-19 23:23:42.000,180.0,False,False,20,False,
177,6F177,2,25,20260420,2026-04-20 02:03:41.703,2026-04-20 04:25:41.703,142.0,False,True,2,False,
178,6F178,2,7,20260420,2026-04-20 04:48:41.703,2026-04-20 09:11:41.703,263.0,False,True,4,False,
179,6F179,2,25,20260420,2026-04-20 02:25:41.703,2026-04-20 06:40:41.703,255.0,False,True,2,False,
180,6F180,2,26,20260420,2026-04-20 15:24:41.703,2026-04-20 19:48:41.703,264.0,False,False,15,False,
181,6F181,2,10,20260420,2026-04-20 14:55:41.703,2026-04-20 16:43:41.703,108.0,False,False,14,False,
182,6F182,2,7,20260419,2026-04-19 02:10:41.703,2026-04-19 04:18:41.703,128.0,False,True,2,False,
183,6F183,2,30,20260417,2026-04-17 17:08:41.703,2026-04-17 19:52:41.703,164.0,False,False,17,False,
184,6F184,2,27,20260420,2026-04-20 13:05:41.703,2026-04-20 16:04:41.703,179.0,False,False,13,False,
185,6F185,2,13,20260418,2026-04-18 07:49:41.703,2026-04-18 10:08:41.703,139.0,False,False,7,False,
186,6F186,2,22,20260417,2026-04-17 21:48:41.703,2026-04-18 02:02:41.703,254.0,True,False,21,False,
187,6F187,2,10,20260420,2026-04-20 03:19:41.703,2026-04-20 07:37:41.703,258.0,False,True,3,False,
188,6F188,2,19,20260420,2026-04-20 14:57:41.703,2026-04-20 19:39:41.703,282.0,False,False,14,False,
189,6F189,2,26,20260418,2026-04-18 20:08:41.703,2026-04-18 21:51:41.703,103.0,False,False,20,False,
190,6F190,2,20,20260420,2026-04-20 20:02:41.703,2026-04-21 00:36:41.703,274.0,True,False,20,False,
191,6F191,2,3,20260420,2026-04-20 14:41:41.703,2026-04-20 15:11:41.703,30.0,False,False,14,False,
192,6F192,2,11,20260418,2026-04-18 12:20:41.703,2026-04-18 16:45:41.703,265.0,False,False,12,False,
193,6F193,2,10,20260420,2026-04-20 00:34:41.703,2026-04-20 02:32:41.703,118.0,False,True,0,False,
194,6F194,2,7,20260420,2026-04-20 16:29:41.703,2026-04-20 18:27:41.703,118.0,False,False,16,False,
195,6F195,2,13,20260420,2026-04-20 21:44:41.703,2026-04-20 22:39:41.703,55.0,False,False,21,False,
196,6F196,2,15,20260420,2026-04-20 23:04:41.703,2026-04-21 00:47:41.703,103.0,True,True,23,False,
197,6F197,2,6,20260418,2026-04-18 17:59:41.703,2026-04-18 22:44:41.703,285.0,False,False,17,False,
198,6F198,2,21,20260417,2026-04-17 12:40:41.703,2026-04-17 17:39:41.703,299.0,False,False,12,False,
199,6F199,2,20,20260419,2026-04-19 15:15:41.703,2026-04-19 17:32:41.703,137.0,False,False,15,False,
200,6F200,2,24,20260417,2026-04-17 14:54:41.703,2026-04-17 19:41:41.703,287.0,False,False,14,False,
201,6F201,2,12,20260420,2026-04-20 02:09:41.703,2026-04-20 06:49:41.703,280.0,False,True,2,False,
202,6F202,2,21,20260419,2026-04-19 20:18:41.703,2026-04-19 23:48:41.703,210.0,False,False,20,False,
203,6F203,2,4,20260418,2026-04-18 11:05:41.703,2026-04-18 12:56:41.703,111.0,False,False,11,False,
204,6F204,2,18,20260417,2026-04-17 13:23:41.703,2026-04-17 16:04:41.703,161.0,False,False,13,False,
205,6F205,2,22,20260417,2026-04-17 22:16:41.703,2026-04-18 00:02:41.703,106.0,True,True,22,False,
206,6F206,2,17,20260419,2026-04-19 16:39:41.703,2026-04-19 20:59:41.703,260.0,False,False,16,False,
207,6F207,2,9,20260417,2026-04-17 16:59:41.703,2026-04-17 21:00:41.703,241.0,False,False,16,False,
208,6F208,2,12,20260418,2026-04-18 08:27:41.703,2026-04-18 11:34:41.703,187.0,False,False,8,False,
209,6F209,2,28,20260420,2026-04-20 08:40:41.703,2026-04-20 13:40:41.703,300.0,False,False,8,False,
210,6F210,2,24,20260418,2026-04-18 11:51:41.703,2026-04-18 15:58:41.703,247.0,False,False,11,False,
211,6F211,2,26,20260419,2026-04-19 11:29:41.703,2026-04-19 16:20:41.703,291.0,False,False,11,False,
212,6F212,2,2,20260419,2026-04-19 06:10:41.703,2026-04-19 10:52:41.703,282.0,False,False,6,False,
213,6F213,2,1,20260420,2026-04-20 21:05:41.703,2026-04-21 00:32:41.703,207.0,True,False,21,False,
214,6F214,2,7,20260419,2026-04-19 01:21:41.703,2026-04-19 05:20:41.703,239.0,False,True,1,False,
215,6F215,2,16,20260417,2026-04-17 13:00:41.703,2026-04-17 17:30:41.703,270.0,False,False,13,False,
216,6F216,2,3,20260417,2026-04-17 21:58:41.704,2026-04-18 02:51:41.704,293.0,True,False,21,False,
217,6F217,2,1,20260418,2026-04-18 05:13:41.704,2026-04-18 08:01:41.704,168.0,False,False,5,False,
218,6F218,2,1,20260417,2026-04-17 15:16:41.704,2026-04-17 19:03:41.704,227.0,False,False,15,False,
219,6F219,2,29,20260419,2026-04-19 10:32:41.704,2026-04-19 14:37:41.704,245.0,False,False,10,False,
220,6F220,2,22,20260419,2026-04-19 10:27:41.704,2026-04-19 11:25:41.704,58.0,False,False,10,False,
221,6F221,2,29,20260419,2026-04-19 05:20:41.704,2026-04-19 08:52:41.704,212.0,False,False,5,False,
222,6F222,2,25,20260418,2026-04-18 14:01:41.704,2026-04-18 16:11:41.704,130.0,False,False,14,False,
223,6F223,2,26,20260417,2026-04-17 16:47:41.704,2026-04-17 17:21:41.704,34.0,False,False,16,False,
224,6F224,2,20,20260419,2026-04-19 16:53:41.704,2026-04-19 18:52:41.704,119.0,False,False,16,False,
225,6F225,2,23,20260418,2026-04-18 07:33:41.704,2026-04-18 12:12:41.704,279.0,False,False,7,False,
226,6F226,2,17,20260419,2026-04-19 00:38:41.704,2026-04-19 02:55:41.704,137.0,False,True,0,False,
227,6F227,2,27,20260418,2026-04-18 13:16:41.704,2026-04-18 17:41:41.704,265.0,False,False,13,False,
228,6F228,2,25,20260418,2026-04-18 04:36:41.704,2026-04-18 09:27:41.704,291.0,False,True,4,False,
229,6F229,2,29,20260420,2026-04-20 13:10:41.704,2026-04-20 14:30:41.704,80.0,False,False,13,False,
230,6F230,2,11,20260420,2026-04-20 03:34:41.704,2026-04-20 06:47:41.704,193.0,False,True,3,False,
231,6F231,2,25,20260418,2026-04-18 01:16:41.704,2026-04-18 05:43:41.704,267.0,False,True,1,False,
232,6F232,2,26,20260420,2026-04-20 10:39:41.704,2026-04-20 12:22:41.704,103.0,False,False,10,False,
233,6F233,2,1,20260418,2026-04-18 23:56:41.704,2026-04-19 03:53:41.704,237.0,True,True,23,False,
234,6F234,2,8,20260420,2026-04-20 11:20:41.704,2026-04-20 14:11:41.704,171.0,False,False,11,False,
235,6F235,2,25,20260419,2026-04-19 11:06:41.704,2026-04-19 13:51:41.704,165.0,False,False,11,False,
236,6F236,2,8,20260420,2026-04-20 20:35:41.704,2026-04-20 23:54:41.704,199.0,False,False,20,False,
237,6F237,2,25,20260419,2026-04-19 21:41:41.704,2026-04-20 00:44:41.704,183.0,True,False,21,False,
238,6F238,2,8,20260420,2026-04-20 08:31:41.704,2026-04-20 09:19:41.704,48.0,False,False,8,False,
239,6F239,2,12,20260417,2026-04-17 15:24:41.704,2026-04-17 17:37:41.704,133.0,False,False,15,False,
240,6F240,2,19,20260418,2026-04-18 15:31:41.704,2026-04-18 19:56:41.704,265.0,False,False,15,False,
241,6F241,2,19,20260417,2026-04-17 18:27:41.704,2026-04-17 19:02:41.704,35.0,False,False,18,False,
242,6F242,2,5,20260417,2026-04-17 21:10:41.704,2026-04-18 01:04:41.704,234.0,True,False,21,False,
243,6F243,2,9,20260419,2026-04-19 09:37:41.704,2026-04-19 10:33:41.704,56.0,False,False,9,False,
244,6F244,2,28,20260418,2026-04-18 07:07:41.704,2026-04-18 08:31:41.704,84.0,False,False,7,False,
245,6F245,2,12,20260420,2026-04-20 15:25:41.701,2026-04-20 18:06:41.701,161.0,False,False,15,False,
246,6F246,2,24,20260419,2026-04-19 21:00:41.702,2026-04-19 23:16:41.702,136.0,False,False,21,False,
247,6F247,2,19,20260418,2026-04-18 01:27:41.702,2026-04-18 02:45:41.702,78.0,False,True,1,False,
248,6F248,2,19,20260417,2026-04-17 13:25:41.701,2026-04-17 17:36:41.701,251.0,False,False,13,False,
249,6F249,2,22,20260419,2026-04-19 20:06:41.700,2026-04-19 23:13:41.700,187.0,False,False,20,False,
250,6F251,4,16,20260420,2026-04-20 22:56:41.703,2026-04-20 23:37:41.703,41.0,False,True,22,False,
251,6F252,4,26,20260418,2026-04-18 14:25:41.701,2026-04-18 18:52:41.701,267.0,False,False,14,False,
252,6F253,4,26,20260419,2026-04-19 16:26:41.703,2026-04-19 18:24:41.703,118.0,False,False,16,False,
253,6F254,4,26,20260420,2026-04-20 14:26:41.703,2026-04-20 18:01:41.703,215.0,False,False,14,False,
254,6F255,4,17,20260420,2026-04-20 11:59:41.703,2026-04-20 15:33:41.703,214.0,False,False,11,False,
255,6F256,4,7,20260419,2026-04-19 18:40:41.702,2026-04-19 19:13:41.702,33.0,False,False,18,False,
256,6F257,4,28,20260418,2026-04-18 16:04:41.704,2026-04-18 19:55:41.704,231.0,False,False,16,False,
257,6F258,4,8,20260417,2026-04-17 13:54:41.703,2026-04-17 16:49:41.703,175.0,False,False,13,False,
258,6F259,4,8,20260420,2026-04-20 14:10:41.703,2026-04-20 15:21:41.703,71.0,False,False,14,False,
259,6F260,4,13,20260419,2026-04-19 21:51:41.702,2026-04-20 01:14:41.702,203.0,True,False,21,False,
260,6F261,4,13,20260420,2026-04-20 14:31:41.703,2026-04-20 17:29:41.703,178.0,False,False,14,False,
261,6F262,4,29,20260419,2026-04-19 01:44:41.702,2026-04-19 02:47:41.702,63.0,False,True,1,False,
262,6F263,4,19,20260419,2026-04-19 07:07:41.703,2026-04-19 08:30:41.703,83.0,False,False,7,False,
263,6F264,4,19,20260418,2026-04-18 14:03:41.701,2026-04-18 18:23:41.701,260.0,False,False,14,False,
264,6F265,4,19,20260418,2026-04-18 02:27:41.703,2026-04-18 03:24:41.703,57.0,False,True,2,False,
265,6F266,4,15,20260418,2026-04-18 09:49:41.703,2026-04-18 11:17:41.703,88.0,False,False,9,False,
266,6F267,4,20,20260418,2026-04-18 07:56:41.703,2026-04-18 11:49:41.703,233.0,False,False,7,False,
267,6F268,4,20,20260417,2026-04-17 20:29:41.701,2026-04-17 21:58:41.701,89.0,False,False,20,False,
268,6F269,4,25,20260419,2026-04-19 01:30:41.702,2026-04-19 02:52:41.702,82.0,False,True,1,False,
269,6F270,4,25,20260420,2026-04-20 18:14:41.701,2026-04-20 19:02:41.701,48.0,False,False,18,False,
270,6F271,4,25,20260419,2026-04-19 19:33:41.702,2026-04-19 22:52:41.702,199.0,False,False,19,False,
271,6F272,4,25,20260419,2026-04-19 23:35:41.702,2026-04-20 00:22:41.702,47.0,True,True,23,False,
272,AI001,1,19,20260418,2026-04-18 19:00:41.700,2026-04-18 22:03:41.700,183.0,False,False,19,False,
273,AI002,1,21,20260419,2026-04-19 05:12:41.700,2026-04-19 07:12:41.700,120.0,False,False,5,False,
274,AI003,1,4,20260419,2026-04-19 13:27:41.701,2026-04-19 16:55:41.701,208.0,False,False,13,False,
275,AI004,1,25,20260418,2026-04-18 13:58:41.701,2026-04-18 18:12:41.701,254.0,False,False,13,False,
276,AI005,1,18,20260418,2026-04-18 21:24:41.701,2026-04-18 22:11:41.701,47.0,False,False,21,False,
277,AI006,1,6,20260418,2026-04-18 03:04:41.701,2026-04-18 05:54:41.701,170.0,False,True,3,False,
278,AI007,1,29,20260419,2026-04-19 04:01:41.701,2026-04-19 06:01:42.000,120.0,False,True,4,False,
279,AI008,1,7,20260418,2026-04-18 10:43:41.701,2026-04-18 12:43:42.000,120.0,False,False,10,False,
280,AI009,4,18,20260420,2026-04-20 01:31:41.701,2026-04-20 04:05:41.701,154.0,False,True,1,False,
281,AI010,1,9,20260419,2026-04-19 15:00:41.701,2026-04-19 19:48:41.701,288.0,False,False,15,False,
282,AI011,1,12,20260418,2026-04-18 16:58:41.701,2026-04-18 21:01:41.701,243.0,False,False,16,False,
283,AI012,1,7,20260420,2026-04-20 05:44:41.701,2026-04-20 09:47:41.701,243.0,False,False,5,False,
284,AI013,1,21,20260419,2026-04-19 03:41:41.701,2026-04-19 04:58:41.701,77.0,False,True,3,False,
285,AI014,1,25,20260418,2026-04-18 10:24:41.701,2026-04-18 13:51:41.701,207.0,False,False,10,False,
286,AI015,1,2,20260419,2026-04-19 23:21:41.701,2026-04-20 01:15:41.701,114.0,True,True,23,False,
287,AI016,1,7,20260418,2026-04-18 14:15:41.701,2026-04-18 18:38:41.701,263.0,False,False,14,False,
288,AI017,1,12,20260418,2026-04-18 05:15:41.701,2026-04-18 08:48:41.701,213.0,False,False,5,False,
289,AI018,1,7,20260418,2026-04-18 13:12:41.701,2026-04-18 18:04:41.701,292.0,False,False,13,False,
290,AI019,1,7,20260420,2026-04-20 10:49:41.701,2026-04-20 11:51:41.701,62.0,False,False,10,False,
291,AI020,4,6,20260419,2026-04-19 03:53:41.701,2026-04-19 06:21:41.701,148.0,False,True,3,False,
292,AI021,1,19,20260417,2026-04-17 21:39:41.701,2026-04-18 01:38:41.701,239.0,True,False,21,False,
293,AI022,1,10,20260419,2026-04-19 03:15:41.701,2026-04-19 05:10:41.701,115.0,False,True,3,False,
294,AI023,1,21,20260419,2026-04-19 06:10:41.701,2026-04-19 09:35:41.701,205.0,False,False,6,False,
295,AI024,1,27,20260419,2026-04-19 18:38:41.701,2026-04-19 19:45:41.701,67.0,False,False,18,False,
296,AI025,1,24,20260420,2026-04-20 14:46:41.701,2026-04-20 17:11:41.701,145.0,False,False,14,False,
297,AI026,1,17,20260418,2026-04-18 14:14:41.701,2026-04-18 15:13:41.701,59.0,False,False,14,False,
298,AI027,1,10,20260418,2026-04-18 19:41:41.701,2026-04-18 23:23:41.701,222.0,False,False,19,False,
299,AI028,1,22,20260419,2026-04-19 07:53:41.701,2026-04-19 08:35:41.701,42.0,False,False,7,False,
300,AI029,1,29,20260420,2026-04-20 13:29:41.701,2026-04-20 17:53:41.701,264.0,False,False,13,False,
301,AI030,1,14,20260420,2026-04-20 13:33:41.701,2026-04-20 16:52:41.701,199.0,False,False,13,False,
302,AI031,1,20,20260420,2026-04-20 13:05:41.701,2026-04-20 16:11:41.701,186.0,False,False,13,False,
303,AI032,1,26,20260419,2026-04-19 07:26:41.701,2026-04-19 09:26:42.000,120.0,False,False,7,False,
304,AI033,1,28,20260419,2026-04-19 05:25:41.701,2026-04-19 10:21:41.701,296.0,False,False,5,False,
305,AI034,1,17,20260420,2026-04-20 05:48:41.701,2026-04-20 10:31:41.701,283.0,False,False,5,False,
306,AI035,1,20,20260417,2026-04-17 23:17:41.701,2026-04-18 00:48:41.701,91.0,True,True,23,False,
307,AI036,1,7,20260419,2026-04-19 14:45:41.701,2026-04-19 16:16:41.701,91.0,False,False,14,False,
308,AI037,4,6,20260419,2026-04-19 11:14:41.701,2026-04-19 15:13:41.701,239.0,False,False,11,False,
309,AI038,1,25,20260420,2026-04-20 11:05:41.701,2026-04-20 15:44:41.701,279.0,False,False,11,False,
310,AI039,1,26,20260419,2026-04-19 15:24:41.701,2026-04-19 18:56:41.701,212.0,False,False,15,False,
311,AI040,1,21,20260418,2026-04-18 21:01:41.701,2026-04-18 22:42:41.701,101.0,False,False,21,False,
312,AI041,1,6,20260418,2026-04-18 14:08:41.701,2026-04-18 15:59:41.701,111.0,False,False,14,False,
313,AI042,1,13,20260418,2026-04-18 09:53:41.701,2026-04-18 10:57:41.701,64.0,False,False,9,False,
314,AI043,1,13,20260419,2026-04-19 00:28:41.701,2026-04-19 04:37:41.701,249.0,False,True,0,False,
315,AI044,4,26,20260420,2026-04-20 09:03:41.701,2026-04-20 12:36:41.701,213.0,False,False,9,False,
316,AI045,1,25,20260419,2026-04-19 11:58:41.701,2026-04-19 14:37:41.701,159.0,False,False,11,False,
317,AI046,4,17,20260419,2026-04-19 05:09:41.701,2026-04-19 08:00:41.701,171.0,False,False,5,False,
318,AI047,4,15,20260420,2026-04-20 06:36:41.701,2026-04-20 07:23:41.701,47.0,False,False,6,False,
319,AI048,1,13,20260420,2026-04-20 22:23:41.701,2026-04-21 02:15:41.701,232.0,True,True,22,False,
320,AI049,1,15,20260418,2026-04-18 13:35:41.701,2026-04-18 15:48:41.701,133.0,False,False,13,False,
321,AI050,1,1,20260418,2026-04-18 17:07:41.701,2026-04-18 19:42:41.701,155.0,False,False,17,False,
322,AI051,1,26,20260420,2026-04-20 01:27:41.701,2026-04-20 02:22:41.701,55.0,False,True,1,False,
323,AI052,1,15,20260417,2026-04-17 13:06:41.701,2026-04-17 15:42:41.701,156.0,False,False,13,False,
324,AI053,1,13,20260419,2026-04-19 18:04:41.701,2026-04-19 22:19:41.701,255.0,False,False,18,False,
325,AI054,1,23,20260418,2026-04-18 03:44:41.701,2026-04-18 08:10:41.701,266.0,False,True,3,False,
326,AI055,1,12,20260418,2026-04-18 14:39:41.701,2026-04-18 16:18:41.701,99.0,False,False,14,False,
327,AI056,1,20,20260420,2026-04-20 13:44:41.701,2026-04-20 17:39:41.701,235.0,False,False,13,False,
328,AI057,1,7,20260418,2026-04-18 15:53:41.701,2026-04-18 19:22:41.701,209.0,False,False,15,False,
329,AI058,1,7,20260420,2026-04-20 22:40:41.701,2026-04-21 00:18:41.701,98.0,True,True,22,False,
330,AI059,1,13,20260420,2026-04-20 09:16:41.701,2026-04-20 11:43:41.701,147.0,False,False,9,False,
331,AI060,1,19,20260420,2026-04-20 21:58:41.701,2026-04-20 23:51:41.701,113.0,False,False,21,False,
332,AI061,1,7,20260419,2026-04-19 23:31:41.701,2026-04-20 01:02:41.701,91.0,True,True,23,False,
333,AI062,1,29,20260420,2026-04-20 06:49:41.701,2026-04-20 07:25:41.701,36.0,False,False,6,False,
334,AI063,1,21,20260418,2026-04-18 07:03:41.701,2026-04-18 11:26:41.701,263.0,False,False,7,False,
335,AI064,1,5,20260417,2026-04-17 18:24:41.701,2026-04-17 20:07:41.701,103.0,False,False,18,False,
336,AI065,4,26,20260418,2026-04-18 00:09:41.701,2026-04-18 05:00:41.701,291.0,False,True,0,False,
337,AI066,1,25,20260417,2026-04-17 21:51:41.701,2026-04-18 00:11:41.701,140.0,True,False,21,False,
338,AI067,1,24,20260418,2026-04-18 23:36:41.701,2026-04-19 03:09:41.701,213.0,True,True,23,False,
339,AI068,1,6,20260420,2026-04-20 02:48:41.702,2026-04-20 04:48:42.000,120.0,False,True,2,False,
340,AI069,4,17,20260420,2026-04-20 22:43:41.702,2026-04-21 02:29:41.702,226.0,True,True,22,False,
341,AI070,1,13,20260419,2026-04-19 00:05:41.702,2026-04-19 01:44:41.702,99.0,False,True,0,False,
342,AI071,1,10,20260419,2026-04-19 19:55:41.702,2026-04-19 22:58:41.702,183.0,False,False,19,False,
343,AI072,1,2,20260420,2026-04-20 15:34:41.702,2026-04-20 16:32:41.702,58.0,False,False,15,False,
344,AI073,1,6,20260419,2026-04-19 14:08:41.702,2026-04-19 16:10:41.702,122.0,False,False,14,False,
345,AI074,1,12,20260418,2026-04-18 12:03:41.702,2026-04-18 12:50:41.702,47.0,False,False,12,False,
346,AI075,1,13,20260417,2026-04-17 13:51:41.702,2026-04-17 16:49:41.702,178.0,False,False,13,False,
347,AI076,1,1,20260419,2026-04-19 15:37:41.702,2026-04-19 16:12:41.702,35.0,False,False,15,False,
348,AI077,1,14,20260420,2026-04-20 13:45:41.702,2026-04-20 14:51:41.702,66.0,False,False,13,False,
349,AI078,1,17,20260420,2026-04-20 08:58:41.702,2026-04-20 13:28:41.702,270.0,False,False,8,False,
350,AI079,1,11,20260420,2026-04-20 11:04:41.702,2026-04-20 13:19:41.702,135.0,False,False,11,False,
351,AI080,1,9,20260420,2026-04-20 23:03:41.702,2026-04-21 00:35:41.702,92.0,True,True,23,False,
352,AI081,1,12,20260417,2026-04-17 21:03:41.702,2026-04-17 22:51:41.702,108.0,False,False,21,False,
353,AI082,1,18,20260420,2026-04-20 03:19:41.702,2026-04-20 06:01:41.702,162.0,False,True,3,False,
354,AI083,1,17,20260419,2026-04-19 12:54:41.702,2026-04-19 13:37:41.702,43.0,False,False,12,False,
355,AI084,1,9,20260420,2026-04-20 08:31:41.702,2026-04-20 09:46:41.702,75.0,False,False,8,False,
356,AI085,1,19,20260419,2026-04-19 15:45:41.702,2026-04-19 20:33:41.702,288.0,False,False,15,False,
357,AI086,1,14,20260419,2026-04-19 07:13:41.702,2026-04-19 10:09:41.702,176.0,False,False,7,False,
358,AI087,1,29,20260417,2026-04-17 16:32:41.702,2026-04-17 20:30:41.702,238.0,False,False,16,False,
359,AI088,4,29,20260420,2026-04-20 06:34:41.702,2026-04-20 10:10:41.702,216.0,False,False,6,False,
360,AI089,1,12,20260418,2026-04-18 04:05:41.702,2026-04-18 04:47:41.702,42.0,False,True,4,False,
361,AI090,1,28,20260418,2026-04-18 13:37:41.702,2026-04-18 16:11:41.702,154.0,False,False,13,False,
362,AI091,1,15,20260420,2026-04-20 10:52:41.702,2026-04-20 15:15:41.702,263.0,False,False,10,False,
363,AI092,1,12,20260418,2026-04-18 13:36:41.702,2026-04-18 16:20:41.702,164.0,False,False,13,False,
364,AI093,1,6,20260417,2026-04-17 12:35:41.702,2026-04-17 17:28:41.702,293.0,False,False,12,False,
365,AI094,1,16,20260420,2026-04-20 14:44:41.702,2026-04-20 15:44:42.000,60.0,False,False,14,False,
366,AI095,1,20,20260418,2026-04-18 05:00:41.702,2026-04-18 08:18:41.702,198.0,False,False,5,False,
367,AI096,1,13,20260419,2026-04-19 21:48:41.702,2026-04-20 02:46:41.702,298.0,True,False,21,False,
368,AI097,1,25,20260419,2026-04-19 18:42:41.702,2026-04-19 23:34:41.702,292.0,False,False,18,False,
369,AI098,1,25,20260419,2026-04-19 16:01:41.702,2026-04-19 18:11:41.702,130.0,False,False,16,False,
370,AI099,1,1,20260418,2026-04-18 11:07:41.702,2026-04-18 13:29:41.702,142.0,False,False,11,False,
371,AI100,4,12,20260419,2026-04-19 14:42:41.702,2026-04-19 18:22:41.702,220.0,False,False,14,False,
372,AI101,1,16,20260418,2026-04-18 23:20:41.702,2026-04-19 02:23:41.702,183.0,True,True,23,False,
373,AI102,1,11,20260420,2026-04-20 00:17:41.702,2026-04-20 05:08:41.702,291.0,False,True,0,False,
374,AI103,1,1,20260420,2026-04-20 03:26:41.702,2026-04-20 04:04:41.702,38.0,False,True,3,False,
375,AI104,1,30,20260418,2026-04-18 07:35:41.702,2026-04-18 09:20:41.702,105.0,False,False,7,False,
376,AI105,1,13,20260419,2026-04-19 20:16:41.702,2026-04-19 22:03:41.702,107.0,False,False,20,False,
377,AI106,1,21,20260419,2026-04-19 02:07:41.702,2026-04-19 03:20:41.702,73.0,False,True,2,False,
378,AI107,1,23,20260418,2026-04-18 10:03:41.702,2026-04-18 10:49:41.702,46.0,False,False,10,False,
379,AI108,1,2,20260419,2026-04-19 21:32:41.702,2026-04-20 00:17:41.702,165.0,True,False,21,False,
380,AI109,1,1,20260418,2026-04-18 15:53:41.702,2026-04-18 20:14:41.702,261.0,False,False,15,False,
381,AI110,1,7,20260419,2026-04-19 17:07:41.702,2026-04-19 22:00:41.702,293.0,False,False,17,False,
382,AI111,1,28,20260418,2026-04-18 07:40:41.702,2026-04-18 10:39:41.702,179.0,False,False,7,False,
383,AI112,1,16,20260420,2026-04-20 04:41:41.702,2026-04-20 08:24:41.702,223.0,False,True,4,False,
384,AI113,1,14,20260417,2026-04-17 21:21:41.702,2026-04-17 23:51:41.702,150.0,False,False,21,False,
385,AI114,1,13,20260418,2026-04-18 07:48:41.702,2026-04-18 09:03:41.702,75.0,False,False,7,False,
386,AI115,1,26,20260420,2026-04-20 19:37:41.702,2026-04-21 00:26:41.702,289.0,True,False,19,False,
387,AI116,1,12,20260418,2026-04-18 22:30:41.702,2026-04-19 01:57:41.702,207.0,True,True,22,False,
388,AI117,1,21,20260418,2026-04-18 08:18:41.702,2026-04-18 10:09:41.702,111.0,False,False,8,False,
389,AI118,1,25,20260417,2026-04-17 17:50:41.702,2026-04-17 19:59:41.702,129.0,False,False,17,False,
390,AI119,1,26,20260417,2026-04-17 13:15:41.702,2026-04-17 15:57:41.702,162.0,False,False,13,False,
391,AI120,1,28,20260419,2026-04-19 12:12:41.702,2026-04-19 14:18:41.702,126.0,False,False,12,False,
392,AI121,1,25,20260418,2026-04-18 02:42:41.702,2026-04-18 06:11:41.702,209.0,False,True,2,False,
393,AI122,1,7,20260419,2026-04-19 18:25:41.702,2026-04-19 22:36:41.702,251.0,False,False,18,False,
394,AI123,1,27,20260418,2026-04-18 22:19:41.702,2026-04-19 00:45:41.702,146.0,True,True,22,False,
395,AI124,1,14,20260417,2026-04-17 20:28:41.702,2026-04-18 00:00:41.702,212.0,True,False,20,False,
396,AI125,4,13,20260418,2026-04-18 01:12:41.702,2026-04-18 04:51:41.702,219.0,False,True,1,False,
397,AI126,1,30,20260417,2026-04-17 17:26:41.702,2026-04-17 20:48:41.702,202.0,False,False,17,False,
398,AI127,1,19,20260418,2026-04-18 10:37:41.702,2026-04-18 13:45:41.702,188.0,False,False,10,False,
399,AI128,4,7,20260420,2026-04-20 06:07:41.702,2026-04-20 10:03:41.702,236.0,False,False,6,False,
400,AI129,1,7,20260420,2026-04-20 10:29:41.702,2026-04-20 13:38:41.702,189.0,False,False,10,False,
401,AI130,1,6,20260418,2026-04-18 10:18:41.702,2026-04-18 12:59:41.702,161.0,False,False,10,False,
402,AI131,1,27,20260418,2026-04-18 19:55:41.702,2026-04-18 22:35:41.702,160.0,False,False,19,False,
403,AI132,1,1,20260420,2026-04-20 19:32:41.702,2026-04-20 21:41:41.702,129.0,False,False,19,False,
404,AI133,1,18,20260418,2026-04-18 19:12:41.702,2026-04-18 21:32:41.702,140.0,False,False,19,False,
405,AI134,1,22,20260419,2026-04-19 00:28:41.702,2026-04-19 04:23:41.702,235.0,False,True,0,False,
406,AI135,1,1,20260420,2026-04-20 06:40:41.702,2026-04-20 09:21:41.702,161.0,False,False,6,False,
407,AI136,1,3,20260418,2026-04-18 20:29:41.702,2026-04-18 23:48:41.702,199.0,False,False,20,False,
408,AI137,1,8,20260420,2026-04-20 22:49:41.702,2026-04-21 01:17:41.702,148.0,True,True,22,False,
409,AI138,1,18,20260419,2026-04-19 05:50:41.702,2026-04-19 06:40:41.702,50.0,False,False,5,False,
410,AI139,1,25,20260419,2026-04-19 18:23:41.702,2026-04-19 19:24:41.702,61.0,False,False,18,False,
411,AI140,1,8,20260420,2026-04-20 22:25:41.702,2026-04-21 02:08:41.702,223.0,True,True,22,False,
412,AI141,1,3,20260419,2026-04-19 10:16:41.702,2026-04-19 14:53:41.702,277.0,False,False,10,False,
413,AI142,1,8,20260417,2026-04-17 20:49:41.702,2026-04-17 23:03:41.702,134.0,False,False,20,False,
414,AI143,1,13,20260419,2026-04-19 03:58:41.702,2026-04-19 04:36:41.702,38.0,False,True,3,False,
415,AI144,1,27,20260418,2026-04-18 00:43:41.702,2026-04-18 03:36:41.702,173.0,False,True,0,False,
416,AI145,4,17,20260417,2026-04-17 17:06:41.702,2026-04-17 21:31:41.702,265.0,False,False,17,False,
417,AI146,1,3,20260420,2026-04-20 10:40:41.702,2026-04-20 13:46:41.702,186.0,False,False,10,False,
418,AI147,1,23,20260418,2026-04-18 18:14:41.703,2026-04-18 20:10:41.703,116.0,False,False,18,False,
419,AI148,1,25,20260419,2026-04-19 05:41:41.703,2026-04-19 08:32:41.703,171.0,False,False,5,False,
420,AI149,1,9,20260419,2026-04-19 18:19:41.703,2026-04-19 21:36:41.703,197.0,False,False,18,False,
421,AI150,1,8,20260420,2026-04-20 03:51:41.703,2026-04-20 04:38:41.703,47.0,False,True,3,False,
422,AI151,1,30,20260417,2026-04-17 13:14:41.703,2026-04-17 14:10:41.703,56.0,False,False,13,False,
423,AI152,1,2,20260417,2026-04-17 19:21:41.703,2026-04-17 20:26:41.703,65.0,False,False,19,False,
424,AI153,1,7,20260417,2026-04-17 15:02:41.703,2026-04-17 16:30:41.703,88.0,False,False,15,False,
425,AI154,1,25,20260417,2026-04-17 15:25:41.703,2026-04-17 19:16:41.703,231.0,False,False,15,False,
426,AI155,1,7,20260420,2026-04-20 23:35:41.703,2026-04-21 01:23:41.703,108.0,True,True,23,False,
427,AI156,1,12,20260418,2026-04-18 07:39:41.703,2026-04-18 09:22:41.703,103.0,False,False,7,False,
428,AI157,1,2,20260417,2026-04-17 22:45:41.703,2026-04-18 01:33:41.703,168.0,True,True,22,False,
429,AI158,1,13,20260420,2026-04-20 06:04:41.703,2026-04-20 09:01:41.703,177.0,False,False,6,False,
430,AI159,1,21,20260420,2026-04-20 09:23:41.703,2026-04-20 11:36:41.703,133.0,False,False,9,False,
431,AI160,1,29,20260417,2026-04-17 13:41:41.703,2026-04-17 17:01:41.703,200.0,False,False,13,False,
432,AI161,1,12,20260419,2026-04-19 16:40:41.703,2026-04-19 19:40:41.703,180.0,False,False,16,False,
433,AI162,1,29,20260417,2026-04-17 19:20:41.703,2026-04-17 22:40:41.703,200.0,False,False,19,False,
434,AI163,1,25,20260420,2026-04-20 07:45:41.703,2026-04-20 08:46:41.703,61.0,False,False,7,False,
435,AI164,1,16,20260420,2026-04-20 03:57:41.703,2026-04-20 05:45:41.703,108.0,False,True,3,False,
436,AI165,1,18,20260419,2026-04-19 08:51:41.703,2026-04-19 10:31:41.703,100.0,False,False,8,False,
437,AI166,1,7,20260418,2026-04-18 04:20:41.703,2026-04-18 07:23:41.703,183.0,False,True,4,False,
438,AI167,1,3,20260418,2026-04-18 06:43:41.703,2026-04-18 11:10:41.703,267.0,False,False,6,False,
439,AI168,4,18,20260419,2026-04-19 15:50:41.703,2026-04-19 20:20:41.703,270.0,False,False,15,False,
440,AI169,1,13,20260418,2026-04-18 21:21:41.703,2026-04-19 01:34:41.703,253.0,True,False,21,False,
441,AI170,1,24,20260418,2026-04-18 11:27:41.703,2026-04-18 15:50:41.703,263.0,False,False,11,False,
442,AI171,1,26,20260418,2026-04-18 10:51:41.703,2026-04-18 13:34:41.703,163.0,False,False,10,False,
443,AI172,1,7,20260417,2026-04-17 19:08:41.703,2026-04-17 19:53:41.703,45.0,False,False,19,False,
444,AI173,1,24,20260419,2026-04-19 17:36:41.703,2026-04-19 22:27:41.703,291.0,False,False,17,False,
445,AI174,1,18,20260417,2026-04-17 14:45:41.703,2026-04-17 17:01:41.703,136.0,False,False,14,False,
446,AI175,1,9,20260420,2026-04-20 03:08:41.703,2026-04-20 06:55:41.703,227.0,False,True,3,False,
447,AI176,1,3,20260419,2026-04-19 04:20:41.703,2026-04-19 06:25:41.703,125.0,False,True,4,False,
448,AI177,1,14,20260418,2026-04-18 14:11:41.703,2026-04-18 16:26:41.703,135.0,False,False,14,False,
449,AI178,1,11,20260420,2026-04-20 13:04:41.703,2026-04-20 14:03:41.703,59.0,False,False,13,False,
450,AI179,1,22,20260420,2026-04-20 20:41:41.703,2026-04-21 01:19:41.703,278.0,True,False,20,False,
451,AI180,1,7,20260419,2026-04-19 10:19:41.703,2026-04-19 11:00:41.703,41.0,False,False,10,False,
452,AI181,1,30,20260419,2026-04-19 13:29:41.703,2026-04-19 16:55:41.703,206.0,False,False,13,False,
453,AI182,1,24,20260419,2026-04-19 12:41:41.703,2026-04-19 17:14:41.703,273.0,False,False,12,False,
454,AI183,1,18,20260418,2026-04-18 14:24:41.703,2026-04-18 16:06:41.703,102.0,False,False,14,False,
455,AI184,1,7,20260417,2026-04-17 15:03:41.703,2026-04-17 17:03:42.000,120.0,False,False,15,False,
456,AI185,1,12,20260418,2026-04-18 12:16:41.703,2026-04-18 16:18:41.703,242.0,False,False,12,False,
457,AI186,1,17,20260418,2026-04-18 11:11:41.703,2026-04-18 13:05:41.703,114.0,False,False,11,False,
458,AI187,1,4,20260417,2026-04-17 23:32:41.703,2026-04-18 01:16:41.703,104.0,True,True,23,False,
459,AI188,1,14,20260420,2026-04-20 20:16:41.703,2026-04-20 23:02:41.703,166.0,False,False,20,False,
460,AI189,1,13,20260420,2026-04-20 03:44:41.703,2026-04-20 05:32:41.703,108.0,False,True,3,False,
461,AI190,1,7,20260419,2026-04-19 12:38:41.703,2026-04-19 15:56:41.703,198.0,False,False,12,False,
462,AI191,1,5,20260418,2026-04-18 07:57:41.703,2026-04-18 11:58:41.703,241.0,False,False,7,False,
463,AI192,1,27,20260420,2026-04-20 23:05:41.703,2026-04-21 04:04:41.703,299.0,True,True,23,False,
464,AI193,1,30,20260419,2026-04-19 11:33:41.703,2026-04-19 16:07:41.703,274.0,False,False,11,False,
465,AI194,1,26,20260418,2026-04-18 05:09:41.703,2026-04-18 09:38:41.703,269.0,False,False,5,False,
466,AI195,1,15,20260418,2026-04-18 02:58:41.703,2026-04-18 04:57:41.703,119.0,False,True,2,False,
467,AI196,1,30,20260420,2026-04-20 02:52:41.703,2026-04-20 04:25:41.703,93.0,False,True,2,False,
468,AI197,1,7,20260418,2026-04-18 16:25:41.703,2026-04-18 20:00:41.703,215.0,False,False,16,False,
469,AI198,1,15,20260419,2026-04-19 10:56:41.703,2026-04-19 14:19:41.703,203.0,False,False,10,False,
470,AI199,1,24,20260417,2026-04-17 18:47:41.703,2026-04-17 22:26:41.703,219.0,False,False,18,False,
471,AI200,1,25,20260419,2026-04-19 02:05:41.703,2026-04-19 05:29:41.703,204.0,False,True,2,False,
472,AI201,1,2,20260418,2026-04-18 15:19:41.703,2026-04-18 16:40:41.703,81.0,False,False,15,False,
473,AI202,1,21,20260419,2026-04-19 08:44:41.703,2026-04-19 10:53:41.703,129.0,False,False,8,False,
474,AI203,1,7,20260418,2026-04-18 00:09:41.703,2026-04-18 02:56:41.703,167.0,False,True,0,False,
475,AI204,1,15,20260418,2026-04-18 13:40:41.703,2026-04-18 18:38:41.703,298.0,False,False,13,False,
476,AI205,1,1,20260420,2026-04-20 03:26:41.703,2026-04-20 05:14:41.703,108.0,False,True,3,False,
477,AI206,1,15,20260419,2026-04-19 16:30:41.703,2026-04-19 20:01:41.703,211.0,False,False,16,False,
478,AI207,1,10,20260419,2026-04-19 08:24:41.703,2026-04-19 11:23:41.703,179.0,False,False,8,False,
479,AI208,1,1,20260420,2026-04-20 08:38:41.703,2026-04-20 11:52:41.703,194.0,False,False,8,False,
480,AI209,1,2,20260418,2026-04-18 17:25:41.703,2026-04-18 18:37:41.703,72.0,False,False,17,False,
481,AI210,1,1,20260417,2026-04-17 16:13:41.703,2026-04-17 18:50:41.703,157.0,False,False,16,False,
482,AI211,1,18,20260418,2026-04-18 23:34:41.703,2026-04-19 01:21:41.703,107.0,True,True,23,False,
483,AI212,1,18,20260417,2026-04-17 15:31:41.703,2026-04-17 20:13:41.703,282.0,False,False,15,False,
484,AI213,1,23,20260420,2026-04-20 08:03:41.703,2026-04-20 09:14:41.703,71.0,False,False,8,False,
485,AI214,1,13,20260417,2026-04-17 22:23:41.703,2026-04-18 02:49:41.703,266.0,True,True,22,False,
486,AI215,1,3,20260418,2026-04-18 12:07:41.703,2026-04-18 13:43:41.703,96.0,False,False,12,False,
487,AI216,1,7,20260420,2026-04-20 01:10:41.703,2026-04-20 02:34:41.703,84.0,False,True,1,False,
488,AI217,1,11,20260420,2026-04-20 04:57:41.703,2026-04-20 07:14:41.703,137.0,False,True,4,False,
489,AI218,1,7,20260418,2026-04-18 08:55:41.703,2026-04-18 11:55:41.703,180.0,False,False,8,False,
490,AI219,4,3,20260419,2026-04-19 09:28:41.703,2026-04-19 11:27:41.703,119.0,False,False,9,False,
491,AI220,1,8,20260420,2026-04-20 20:19:41.703,2026-04-20 21:57:41.703,98.0,False,False,20,False,
492,AI221,1,30,20260420,2026-04-20 16:18:41.703,2026-04-20 18:54:41.703,156.0,False,False,16,False,
493,AI222,4,8,20260420,2026-04-20 12:10:41.703,2026-04-20 13:14:41.703,64.0,False,False,12,False,
494,AI223,1,7,20260417,2026-04-17 12:53:41.703,2026-04-17 14:42:41.703,109.0,False,False,12,False,
495,AI224,1,19,20260419,2026-04-19 16:51:41.703,2026-04-19 21:36:41.703,285.0,False,False,16,False,
496,AI225,1,6,20260419,2026-04-19 15:05:41.703,2026-04-19 16:01:41.703,56.0,False,False,15,False,
497,AI226,4,4,20260420,2026-04-20 01:19:41.703,2026-04-20 04:08:41.703,169.0,False,True,1,False,
498,AI227,1,5,20260420,2026-04-20 04:31:41.703,2026-04-20 08:17:41.703,226.0,False,True,4,False,
499,AI228,1,1,20260418,2026-04-18 13:16:41.703,2026-04-18 17:44:41.703,268.0,False,False,13,False,
500,AI229,1,25,20260417,2026-04-17 16:48:41.703,2026-04-17 18:40:41.703,112.0,False,False,16,False,
501,AI230,4,11,20260417,2026-04-17 20:37:41.704,2026-04-18 00:22:41.704,225.0,True,False,20,False,
502,AI231,1,19,20260417,2026-04-17 21:52:41.704,2026-04-17 23:51:41.704,119.0,False,False,21,False,
503,AI232,1,16,20260418,2026-04-18 06:43:41.704,2026-04-18 10:13:41.704,210.0,False,False,6,False,
504,AI233,1,1,20260420,2026-04-20 08:04:41.704,2026-04-20 09:52:41.704,108.0,False,False,8,False,
505,AI234,1,10,20260419,2026-04-19 23:50:41.704,2026-04-20 01:34:41.704,104.0,True,True,23,False,
506,AI235,1,4,20260419,2026-04-19 22:45:41.704,2026-04-20 02:12:41.704,207.0,True,True,22,False,
507,AI236,1,17,20260419,2026-04-19 04:52:41.704,2026-04-19 09:11:41.704,259.0,False,True,4,False,
508,AI237,1,7,20260419,2026-04-19 19:58:41.704,2026-04-19 23:13:41.704,195.0,False,False,19,False,
509,AI238,1,15,20260418,2026-04-18 19:25:41.704,2026-04-19 00:07:41.704,282.0,True,False,19,False,
510,AI239,1,9,20260417,2026-04-17 14:33:41.704,2026-04-17 17:47:41.704,194.0,False,False,14,False,
511,AI240,1,29,20260420,2026-04-20 10:19:41.704,2026-04-20 12:46:41.704,147.0,False,False,10,False,
512,AI241,1,21,20260419,2026-04-19 20:11:41.704,2026-04-19 22:18:41.704,127.0,False,False,20,False,
513,AI242,4,2,20260420,2026-04-20 16:41:41.704,2026-04-20 17:43:41.704,62.0,False,False,16,False,
514,AI243,4,1,20260419,2026-04-19 02:50:41.704,2026-04-19 05:09:41.704,139.0,False,True,2,False,
515,AI244,1,1,20260418,2026-04-18 02:50:41.704,2026-04-18 03:25:41.704,35.0,False,True,2,False,
516,AI245,1,7,20260420,2026-04-20 23:07:41.704,2026-04-21 01:43:41.704,156.0,True,True,23,False,
517,AI246,1,6,20260420,2026-04-20 03:22:41.704,2026-04-20 06:41:41.704,199.0,False,True,3,False,
518,AI247,1,7,20260418,2026-04-18 15:58:41.704,2026-04-18 19:02:41.704,184.0,False,False,15,False,
519,AI248,1,13,20260419,2026-04-19 15:17:41.704,2026-04-19 16:35:41.704,78.0,False,False,15,False,
520,AI249,1,4,20260419,2026-04-19 03:38:41.704,2026-04-19 06:27:41.704,169.0,False,True,3,False,
521,AI250,4,7,20260418,2026-04-18 20:48:41.704,2026-04-19 00:12:41.704,204.0,True,False,20,False,
522,AI251,1,29,20260418,2026-04-18 22:40:41.704,2026-04-18 23:24:41.704,44.0,False,True,22,False,
523,AI252,4,24,20260419,2026-04-19 17:30:41.704,2026-04-19 21:54:41.704,264.0,False,False,17,False,
524,AI253,1,1,20260418,2026-04-18 16:13:41.704,2026-04-18 19:51:41.704,218.0,False,False,16,False,
525,AI254,1,14,20260419,2026-04-19 04:46:41.704,2026-04-19 08:06:41.704,200.0,False,True,4,False,
526,AI255,1,28,20260419,2026-04-19 08:45:41.704,2026-04-19 13:12:41.704,267.0,False,False,8,False,
527,SJ001,3,10,20260420,2026-04-20 20:28:41.700,2026-04-21 01:15:41.700,287.0,True,False,20,False,
528,SJ002,3,17,20260420,2026-04-20 07:54:41.701,2026-04-20 12:40:41.701,286.0,False,False,7,False,
529,SJ003,3,28,20260420,2026-04-20 19:50:41.701,2026-04-20 20:32:41.701,42.0,False,False,19,False,
530,SJ004,3,29,20260419,2026-04-19 17:52:41.701,2026-04-19 21:01:41.701,189.0,False,False,17,False,
531,SJ005,3,20,20260417,2026-04-17 16:03:41.701,2026-04-17 17:24:41.701,81.0,False,False,16,False,
532,SJ006,3,21,20260419,2026-04-19 08:25:41.701,2026-04-19 08:57:41.701,32.0,False,False,8,False,
533,SJ007,3,7,20260420,2026-04-20 10:03:41.701,2026-04-20 14:53:41.701,290.0,False,False,10,False,
534,SJ008,3,21,20260418,2026-04-18 10:53:41.701,2026-04-18 15:48:41.701,295.0,False,False,10,False,
535,SJ009,3,11,20260418,2026-04-18 02:48:41.701,2026-04-18 04:23:41.701,95.0,False,True,2,False,
536,SJ010,3,15,20260420,2026-04-20 23:38:41.701,2026-04-21 02:32:41.701,174.0,True,True,23,False,
537,SJ011,3,10,20260419,2026-04-19 05:14:41.701,2026-04-19 09:59:41.701,285.0,False,False,5,False,
538,SJ012,3,21,20260419,2026-04-19 15:01:41.701,2026-04-19 16:12:41.701,71.0,False,False,15,False,
539,SJ013,3,20,20260419,2026-04-19 15:25:41.701,2026-04-19 19:54:41.701,269.0,False,False,15,False,
540,SJ014,3,9,20260419,2026-04-19 05:40:41.701,2026-04-19 06:39:41.701,59.0,False,False,5,False,
541,SJ015,3,7,20260419,2026-04-19 21:40:41.701,2026-04-19 22:52:41.701,72.0,False,False,21,False,
542,SJ016,3,23,20260419,2026-04-19 13:01:41.701,2026-04-19 16:26:41.701,205.0,False,False,13,False,
543,SJ017,3,20,20260420,2026-04-20 02:57:41.701,2026-04-20 05:00:41.701,123.0,False,True,2,False,
544,SJ018,3,7,20260420,2026-04-20 10:58:41.701,2026-04-20 13:31:41.701,153.0,False,False,10,False,
545,SJ019,3,3,20260417,2026-04-17 13:07:41.701,2026-04-17 15:56:41.701,169.0,False,False,13,False,
546,SJ020,3,1,20260419,2026-04-19 22:18:41.701,2026-04-20 02:27:41.701,249.0,True,True,22,False,
547,SJ021,3,21,20260419,2026-04-19 05:48:41.701,2026-04-19 09:46:41.701,238.0,False,False,5,False,
548,SJ022,3,16,20260420,2026-04-20 07:56:41.701,2026-04-20 11:07:41.701,191.0,False,False,7,False,
549,SJ023,3,25,20260420,2026-04-20 17:27:41.701,2026-04-20 19:09:41.701,102.0,False,False,17,False,
550,SJ024,3,20,20260418,2026-04-18 16:29:41.701,2026-04-18 20:21:41.701,232.0,False,False,16,False,
551,SJ025,3,7,20260420,2026-04-20 12:02:41.701,2026-04-20 15:29:41.701,207.0,False,False,12,False,
552,SJ026,3,15,20260419,2026-04-19 05:22:41.701,2026-04-19 09:40:41.701,258.0,False,False,5,False,
553,SJ027,4,10,20260419,2026-04-19 12:50:41.701,2026-04-19 17:13:41.701,263.0,False,False,12,False,
554,SJ028,3,12,20260419,2026-04-19 15:04:41.701,2026-04-19 19:32:41.701,268.0,False,False,15,False,
555,SJ029,4,24,20260419,2026-04-19 22:55:41.701,2026-04-20 00:22:41.701,87.0,True,True,22,False,
556,SJ030,3,19,20260420,2026-04-20 02:36:41.701,2026-04-20 03:19:41.701,43.0,False,True,2,False,
557,SJ031,3,17,20260417,2026-04-17 21:20:41.701,2026-04-17 22:29:41.701,69.0,False,False,21,False,
558,SJ032,3,27,20260419,2026-04-19 02:11:41.701,2026-04-19 04:33:41.701,142.0,False,True,2,False,
559,SJ033,3,24,20260417,2026-04-17 17:26:41.701,2026-04-17 18:51:41.701,85.0,False,False,17,False,
560,SJ034,3,27,20260420,2026-04-20 15:20:41.701,2026-04-20 20:11:41.701,291.0,False,False,15,False,
561,SJ035,3,13,20260417,2026-04-17 20:15:41.701,2026-04-17 21:15:42.000,60.0,False,False,20,False,
562,SJ036,3,19,20260419,2026-04-19 20:24:41.701,2026-04-19 23:54:41.701,210.0,False,False,20,False,
563,SJ037,3,1,20260417,2026-04-17 19:14:41.701,2026-04-17 22:31:41.701,197.0,False,False,19,False,
564,SJ038,3,3,20260419,2026-04-19 14:57:41.701,2026-04-19 17:46:41.701,169.0,False,False,14,False,
565,SJ039,3,27,20260419,2026-04-19 08:41:41.701,2026-04-19 12:08:41.701,207.0,False,False,8,False,
566,SJ040,3,7,20260419,2026-04-19 13:12:41.701,2026-04-19 16:44:41.701,212.0,False,False,13,False,
567,SJ041,3,14,20260417,2026-04-17 18:24:41.701,2026-04-17 22:59:41.701,275.0,False,False,18,False,
568,SJ042,3,23,20260418,2026-04-18 22:38:41.701,2026-04-19 02:20:41.701,222.0,True,True,22,False,
569,SJ043,4,29,20260420,2026-04-20 18:59:41.701,2026-04-20 21:08:41.701,129.0,False,False,18,False,
570,SJ044,3,18,20260420,2026-04-20 15:06:41.701,2026-04-20 17:43:41.701,157.0,False,False,15,False,
571,SJ045,3,20,20260419,2026-04-19 04:16:41.701,2026-04-19 09:03:41.701,287.0,False,True,4,False,
572,SJ046,3,10,20260418,2026-04-18 22:01:41.701,2026-04-19 01:25:41.701,204.0,True,True,22,False,
573,SJ047,3,22,20260420,2026-04-20 20:44:41.701,2026-04-20 21:21:41.701,37.0,False,False,20,False,
574,SJ048,3,26,20260419,2026-04-19 22:43:41.701,2026-04-20 00:19:41.701,96.0,True,True,22,False,
575,SJ049,3,13,20260420,2026-04-20 20:26:41.701,2026-04-21 00:26:41.701,240.0,True,False,20,False,
576,SJ050,3,23,20260419,2026-04-19 11:24:41.701,2026-04-19 12:03:41.701,39.0,False,False,11,False,
577,SJ051,4,6,20260419,2026-04-19 08:40:41.701,2026-04-19 12:18:41.701,218.0,False,False,8,False,
578,SJ052,3,26,20260420,2026-04-20 08:20:41.701,2026-04-20 09:57:41.701,97.0,False,False,8,False,
579,SJ053,3,13,20260419,2026-04-19 05:00:41.701,2026-04-19 06:38:41.701,98.0,False,False,5,False,
580,SJ054,3,26,20260418,2026-04-18 18:13:41.701,2026-04-18 22:46:41.701,273.0,False,False,18,False,
581,SJ055,3,25,20260417,2026-04-17 14:17:41.701,2026-04-17 17:56:41.701,219.0,False,False,14,False,
582,SJ056,3,24,20260418,2026-04-18 06:11:41.701,2026-04-18 07:10:41.701,59.0,False,False,6,False,
583,SJ057,3,7,20260420,2026-04-20 02:17:41.701,2026-04-20 05:29:41.701,192.0,False,True,2,False,
584,SJ058,3,19,20260418,2026-04-18 08:58:41.701,2026-04-18 13:14:41.701,256.0,False,False,8,False,
585,SJ059,3,13,20260418,2026-04-18 02:50:41.701,2026-04-18 04:06:41.701,76.0,False,True,2,False,
586,SJ060,3,23,20260418,2026-04-18 08:51:41.701,2026-04-18 13:46:41.701,295.0,False,False,8,False,
587,SJ061,3,26,20260420,2026-04-20 06:38:41.701,2026-04-20 09:35:41.701,177.0,False,False,6,False,
588,SJ062,3,4,20260419,2026-04-19 13:37:41.701,2026-04-19 17:06:41.701,209.0,False,False,13,False,
589,SJ063,3,27,20260419,2026-04-19 13:38:41.701,2026-04-19 15:23:41.701,105.0,False,False,13,False,
590,SJ064,3,13,20260419,2026-04-19 06:29:41.701,2026-04-19 08:43:41.701,134.0,False,False,6,False,
591,SJ065,3,26,20260418,2026-04-18 04:10:41.701,2026-04-18 06:54:41.701,164.0,False,True,4,False,
592,SJ066,3,23,20260418,2026-04-18 17:47:41.701,2026-04-18 19:03:41.701,76.0,False,False,17,False,
593,SJ067,3,26,20260419,2026-04-19 07:17:41.701,2026-04-19 08:16:41.701,59.0,False,False,7,False,
594,SJ068,3,1,20260420,2026-04-20 16:44:41.701,2026-04-20 18:48:41.701,124.0,False,False,16,False,
595,SJ069,3,21,20260417,2026-04-17 12:53:41.701,2026-04-17 14:17:41.701,84.0,False,False,12,False,
596,SJ070,3,28,20260419,2026-04-19 18:55:41.701,2026-04-19 20:48:41.701,113.0,False,False,18,False,
597,SJ071,3,15,20260418,2026-04-18 17:43:41.701,2026-04-18 19:32:41.701,109.0,False,False,17,False,
598,SJ072,3,19,20260419,2026-04-19 01:18:41.701,2026-04-19 04:08:41.701,170.0,False,True,1,False,
599,SJ073,3,11,20260419,2026-04-19 09:26:41.701,2026-04-19 11:14:41.701,108.0,False,False,9,False,
600,SJ074,3,18,20260420,2026-04-20 11:21:41.701,2026-04-20 12:02:41.701,41.0,False,False,11,False,
601,SJ075,3,26,20260420,2026-04-20 09:26:41.701,2026-04-20 11:03:41.701,97.0,False,False,9,False,
602,SJ076,3,20,20260419,2026-04-19 23:01:41.701,2026-04-20 02:02:41.701,181.0,True,True,23,False,
603,SJ077,3,5,20260417,2026-04-17 17:32:41.701,2026-04-17 19:40:41.701,128.0,False,False,17,False,
604,SJ078,3,19,20260420,2026-04-20 09:41:41.701,2026-04-20 12:49:41.701,188.0,False,False,9,False,
605,SJ079,3,24,20260419,2026-04-19 01:58:41.702,2026-04-19 05:02:41.702,184.0,False,True,1,False,
606,SJ080,3,15,20260417,2026-04-17 16:04:41.702,2026-04-17 17:59:41.702,115.0,False,False,16,False,
607,SJ081,3,6,20260420,2026-04-20 17:04:41.702,2026-04-20 18:53:41.702,109.0,False,False,17,False,
608,SJ082,3,8,20260419,2026-04-19 01:54:41.702,2026-04-19 02:33:41.702,39.0,False,True,1,False,
609,SJ083,3,26,20260420,2026-04-20 05:13:41.702,2026-04-20 08:17:41.702,184.0,False,False,5,False,
610,SJ084,3,25,20260419,2026-04-19 18:31:41.702,2026-04-19 19:30:41.702,59.0,False,False,18,False,
611,SJ085,3,5,20260420,2026-04-20 14:41:41.702,2026-04-20 19:11:41.702,270.0,False,False,14,False,
612,SJ086,3,13,20260419,2026-04-19 00:32:41.702,2026-04-19 04:17:41.702,225.0,False,True,0,False,
613,SJ087,3,8,20260418,2026-04-18 14:20:41.702,2026-04-18 19:09:41.702,289.0,False,False,14,False,
614,SJ088,3,15,20260420,2026-04-20 13:54:41.702,2026-04-20 14:26:41.702,32.0,False,False,13,False,
615,SJ089,3,23,20260420,2026-04-20 12:42:41.702,2026-04-20 17:15:41.702,273.0,False,False,12,False,
616,SJ090,3,25,20260418,2026-04-18 10:24:41.702,2026-04-18 13:11:41.702,167.0,False,False,10,False,
617,SJ091,3,2,20260418,2026-04-18 23:10:41.702,2026-04-19 00:47:41.702,97.0,True,True,23,False,
618,SJ092,3,5,20260417,2026-04-17 13:19:41.702,2026-04-17 17:56:41.702,277.0,False,False,13,False,
619,SJ093,3,1,20260420,2026-04-20 21:55:41.702,2026-04-20 23:01:41.702,66.0,False,False,21,False,
620,SJ094,3,30,20260418,2026-04-18 03:23:41.702,2026-04-18 08:07:41.702,284.0,False,True,3,False,
621,SJ095,3,20,20260417,2026-04-17 20:09:41.702,2026-04-17 23:13:41.702,184.0,False,False,20,False,
622,SJ096,4,19,20260418,2026-04-18 10:29:41.702,2026-04-18 13:45:41.702,196.0,False,False,10,False,
623,SJ097,3,7,20260420,2026-04-20 02:37:41.702,2026-04-20 05:27:41.702,170.0,False,True,2,False,
624,SJ098,3,25,20260420,2026-04-20 03:02:41.702,2026-04-20 03:37:41.702,35.0,False,True,3,False,
625,SJ099,4,26,20260419,2026-04-19 22:14:41.702,2026-04-20 00:34:41.702,140.0,True,True,22,False,
626,SJ100,3,26,20260418,2026-04-18 03:28:41.702,2026-04-18 06:50:41.702,202.0,False,True,3,False,
627,SJ101,3,13,20260418,2026-04-18 05:17:41.702,2026-04-18 06:57:41.702,100.0,False,False,5,False,
628,SJ102,3,28,20260418,2026-04-18 17:26:41.702,2026-04-18 18:58:41.702,92.0,False,False,17,False,
629,SJ103,3,26,20260419,2026-04-19 05:16:41.702,2026-04-19 08:56:41.702,220.0,False,False,5,False,
630,SJ104,3,24,20260418,2026-04-18 10:00:41.702,2026-04-18 11:00:42.000,60.0,False,False,10,False,
631,SJ105,3,9,20260418,2026-04-18 19:22:41.702,2026-04-18 22:48:41.702,206.0,False,False,19,False,
632,SJ106,3,13,20260419,2026-04-19 07:16:41.702,2026-04-19 09:40:41.702,144.0,False,False,7,False,
633,SJ107,3,10,20260419,2026-04-19 14:10:41.702,2026-04-19 18:38:41.702,268.0,False,False,14,False,
634,SJ108,3,4,20260420,2026-04-20 00:40:41.702,2026-04-20 03:16:41.702,156.0,False,True,0,False,
635,SJ109,3,8,20260419,2026-04-19 17:24:41.702,2026-04-19 20:28:41.702,184.0,False,False,17,False,
636,SJ110,3,13,20260419,2026-04-19 01:47:41.702,2026-04-19 02:20:41.702,33.0,False,True,1,False,
637,SJ111,3,20,20260418,2026-04-18 11:47:41.702,2026-04-18 12:59:41.702,72.0,False,False,11,False,
638,SJ112,3,24,20260420,2026-04-20 22:20:41.702,2026-04-21 00:40:41.702,140.0,True,True,22,False,
639,SJ113,3,1,20260418,2026-04-18 08:10:41.702,2026-04-18 10:10:42.000,120.0,False,False,8,False,
640,SJ114,3,24,20260419,2026-04-19 22:42:41.702,2026-04-20 02:02:41.702,200.0,True,True,22,False,
641,SJ115,3,9,20260417,2026-04-17 21:05:41.702,2026-04-17 23:10:41.702,125.0,False,False,21,False,
642,SJ116,3,23,20260420,2026-04-20 17:33:41.702,2026-04-20 19:02:41.702,89.0,False,False,17,False,
643,SJ117,3,26,20260420,2026-04-20 13:10:41.702,2026-04-20 17:06:41.702,236.0,False,False,13,False,
644,SJ118,3,17,20260419,2026-04-19 01:08:41.702,2026-04-19 02:33:41.702,85.0,False,True,1,False,
645,SJ119,3,7,20260419,2026-04-19 08:53:41.702,2026-04-19 11:29:41.702,156.0,False,False,8,False,
646,SJ120,3,26,20260417,2026-04-17 21:19:41.702,2026-04-18 00:56:41.702,217.0,True,False,21,False,
647,SJ121,3,13,20260419,2026-04-19 05:32:41.702,2026-04-19 06:47:41.702,75.0,False,False,5,False,
648,SJ122,3,12,20260419,2026-04-19 05:22:41.702,2026-04-19 10:09:41.702,287.0,False,False,5,False,
649,SJ123,3,7,20260418,2026-04-18 03:57:41.702,2026-04-18 05:25:41.702,88.0,False,True,3,False,
650,SJ124,3,24,20260417,2026-04-17 21:05:41.702,2026-04-18 01:12:41.702,247.0,True,False,21,False,
651,SJ125,3,16,20260418,2026-04-18 14:21:41.702,2026-04-18 16:55:41.702,154.0,False,False,14,False,
652,SJ126,3,16,20260418,2026-04-18 13:47:41.702,2026-04-18 16:31:41.702,164.0,False,False,13,False,
653,SJ127,3,8,20260420,2026-04-20 01:21:41.702,2026-04-20 03:58:41.702,157.0,False,True,1,False,
654,SJ128,3,11,20260418,2026-04-18 07:39:41.702,2026-04-18 10:42:41.702,183.0,False,False,7,False,
655,SJ129,3,12,20260418,2026-04-18 01:48:41.702,2026-04-18 05:48:41.702,240.0,False,True,1,False,
656,SJ130,3,8,20260419,2026-04-19 16:53:41.702,2026-04-19 20:53:41.702,240.0,False,False,16,False,
657,SJ131,3,30,20260419,2026-04-19 15:00:41.702,2026-04-19 16:07:41.702,67.0,False,False,15,False,
658,SJ132,3,29,20260418,2026-04-18 14:44:41.702,2026-04-18 15:36:41.702,52.0,False,False,14,False,
659,SJ133,3,7,20260418,2026-04-18 18:50:41.702,2026-04-18 21:29:41.702,159.0,False,False,18,False,
660,SJ134,3,7,20260419,2026-04-19 19:58:41.702,2026-04-20 00:15:41.702,257.0,True,False,19,False,
661,SJ135,3,28,20260418,2026-04-18 16:03:41.702,2026-04-18 19:48:41.702,225.0,False,False,16,False,
662,SJ136,3,21,20260419,2026-04-19 05:45:41.702,2026-04-19 08:04:41.702,139.0,False,False,5,False,
663,SJ137,3,13,20260418,2026-04-18 06:08:41.702,2026-04-18 10:14:41.702,246.0,False,False,6,False,
664,SJ138,4,1,20260420,2026-04-20 05:55:41.702,2026-04-20 06:43:41.702,48.0,False,False,5,False,
665,SJ139,3,16,20260419,2026-04-19 02:20:41.702,2026-04-19 06:02:41.702,222.0,False,True,2,False,
666,SJ140,4,24,20260418,2026-04-18 10:42:41.702,2026-04-18 14:30:41.702,228.0,False,False,10,False,
667,SJ141,3,13,20260420,2026-04-20 10:00:41.702,2026-04-20 13:37:41.702,217.0,False,False,10,False,
668,SJ142,3,12,20260420,2026-04-20 15:14:41.702,2026-04-20 16:56:41.702,102.0,False,False,15,False,
669,SJ143,3,17,20260419,2026-04-19 02:55:41.702,2026-04-19 03:52:41.702,57.0,False,True,2,False,
670,SJ144,3,1,20260418,2026-04-18 15:35:41.702,2026-04-18 19:12:41.702,217.0,False,False,15,False,
671,SJ145,3,4,20260417,2026-04-17 17:41:41.702,2026-04-17 20:38:41.702,177.0,False,False,17,False,
672,SJ146,3,21,20260419,2026-04-19 22:37:41.702,2026-04-20 00:33:41.702,116.0,True,True,22,False,
673,SJ147,3,2,20260419,2026-04-19 04:30:41.702,2026-04-19 08:52:41.702,262.0,False,True,4,False,
674,SJ148,3,16,20260419,2026-04-19 09:51:41.702,2026-04-19 13:41:41.702,230.0,False,False,9,False,
675,SJ149,3,25,20260420,2026-04-20 21:20:41.702,2026-04-20 23:20:42.000,120.0,False,False,21,False,
676,SJ150,3,9,20260420,2026-04-20 15:33:41.702,2026-04-20 19:03:41.702,210.0,False,False,15,False,
677,SJ151,3,7,20260418,2026-04-18 17:44:41.702,2026-04-18 19:16:41.702,92.0,False,False,17,False,
678,SJ152,3,8,20260418,2026-04-18 12:09:41.702,2026-04-18 13:50:41.702,101.0,False,False,12,False,
679,SJ153,3,18,20260420,2026-04-20 20:37:41.702,2026-04-20 22:00:41.702,83.0,False,False,20,False,
680,SJ154,3,4,20260420,2026-04-20 14:47:41.702,2026-04-20 16:26:41.702,99.0,False,False,14,False,
681,SJ155,3,18,20260420,2026-04-20 00:38:41.702,2026-04-20 05:38:41.702,300.0,False,True,0,False,
682,SJ156,3,8,20260418,2026-04-18 06:59:41.703,2026-04-18 07:34:41.703,35.0,False,False,6,False,
683,SJ157,3,19,20260417,2026-04-17 22:11:41.703,2026-04-18 01:05:41.703,174.0,True,True,22,False,
684,SJ158,3,19,20260420,2026-04-20 23:05:41.703,2026-04-21 01:24:41.703,139.0,True,True,23,False,
685,SJ159,3,13,20260418,2026-04-18 12:22:41.703,2026-04-18 14:05:41.703,103.0,False,False,12,False,
686,SJ160,3,26,20260420,2026-04-20 19:45:41.703,2026-04-20 20:30:41.703,45.0,False,False,19,False,
687,SJ161,3,26,20260419,2026-04-19 16:22:41.703,2026-04-19 17:04:41.703,42.0,False,False,16,False,
688,SJ162,3,19,20260419,2026-04-19 20:11:41.703,2026-04-19 22:30:41.703,139.0,False,False,20,False,
689,SJ163,3,19,20260419,2026-04-19 18:32:41.703,2026-04-19 23:08:41.703,276.0,False,False,18,False,
690,SJ164,3,15,20260418,2026-04-18 13:14:41.703,2026-04-18 15:14:42.000,120.0,False,False,13,False,
691,SJ165,3,12,20260418,2026-04-18 20:08:41.703,2026-04-18 23:18:41.703,190.0,False,False,20,False,
692,SJ166,3,14,20260419,2026-04-19 12:51:41.703,2026-04-19 16:18:41.703,207.0,False,False,12,False,
693,SJ167,3,28,20260420,2026-04-20 13:18:41.703,2026-04-20 14:12:41.703,54.0,False,False,13,False,
694,SJ168,3,12,20260419,2026-04-19 08:17:41.703,2026-04-19 12:29:41.703,252.0,False,False,8,False,
695,SJ169,3,10,20260420,2026-04-20 03:10:41.703,2026-04-20 07:56:41.703,286.0,False,True,3,False,
696,SJ170,3,1,20260419,2026-04-19 10:11:41.703,2026-04-19 11:56:41.703,105.0,False,False,10,False,
697,SJ171,3,19,20260418,2026-04-18 20:52:41.703,2026-04-18 23:52:41.703,180.0,False,False,20,False,
698,SJ172,3,13,20260420,2026-04-20 21:58:41.703,2026-04-21 01:14:41.703,196.0,True,False,21,False,
699,SJ173,3,14,20260419,2026-04-19 14:27:41.703,2026-04-19 16:09:41.703,102.0,False,False,14,False,
700,SJ174,3,13,20260419,2026-04-19 04:09:41.703,2026-04-19 05:04:41.703,55.0,False,True,4,False,
701,SJ175,3,26,20260419,2026-04-19 12:46:41.703,2026-04-19 16:50:41.703,244.0,False,False,12,False,
702,SJ176,3,17,20260418,2026-04-18 04:15:41.703,2026-04-18 06:17:41.703,122.0,False,True,4,False,
703,SJ177,3,7,20260417,2026-04-17 13:04:41.703,2026-04-17 17:37:41.703,273.0,False,False,13,False,
704,SJ178,3,9,20260419,2026-04-19 09:58:41.703,2026-04-19 12:27:41.703,149.0,False,False,9,False,
705,SJ179,3,19,20260420,2026-04-20 20:09:41.703,2026-04-20 23:39:41.703,210.0,False,False,20,False,
706,SJ180,3,23,20260417,2026-04-17 17:12:41.703,2026-04-17 22:00:41.703,288.0,False,False,17,False,
707,SJ181,3,6,20260419,2026-04-19 00:20:41.703,2026-04-19 01:49:41.703,89.0,False,True,0,False,
708,SJ182,3,12,20260419,2026-04-19 16:48:41.703,2026-04-19 17:36:41.703,48.0,False,False,16,False,
709,SJ183,3,13,20260418,2026-04-18 17:44:41.703,2026-04-18 19:40:41.703,116.0,False,False,17,False,
710,SJ184,3,13,20260417,2026-04-17 16:32:41.703,2026-04-17 21:00:41.703,268.0,False,False,16,False,
711,SJ185,3,7,20260420,2026-04-20 14:21:41.703,2026-04-20 15:21:41.703,60.0,False,False,14,False,
712,SJ186,3,13,20260420,2026-04-20 05:11:41.703,2026-04-20 07:22:41.703,131.0,False,False,5,False,
713,SJ187,3,26,20260419,2026-04-19 14:07:41.703,2026-04-19 17:30:41.703,203.0,False,False,14,False,
714,SJ188,3,1,20260418,2026-04-18 22:15:41.703,2026-04-18 22:55:41.703,40.0,False,True,22,False,
715,SJ189,3,21,20260418,2026-04-18 17:05:41.703,2026-04-18 22:01:41.703,296.0,False,False,17,False,
716,SJ190,3,7,20260418,2026-04-18 04:57:41.703,2026-04-18 09:25:41.703,268.0,False,True,4,False,
717,SJ191,3,1,20260420,2026-04-20 03:01:41.703,2026-04-20 04:23:41.703,82.0,False,True,3,False,
718,SJ192,3,22,20260419,2026-04-19 18:45:42.000,2026-04-19 23:45:42.000,300.0,False,False,18,True,arrival_rolled_forward_one_day
719,SJ193,3,13,20260419,2026-04-19 09:37:41.703,2026-04-19 12:16:41.703,159.0,False,False,9,False,
720,SJ194,3,13,20260419,2026-04-19 22:46:41.703,2026-04-20 02:31:41.703,225.0,True,True,22,False,
721,SJ195,3,7,20260418,2026-04-18 20:41:41.703,2026-04-18 23:54:41.703,193.0,False,False,20,False,
722,SJ196,3,19,20260420,2026-04-20 14:58:41.703,2026-04-20 17:44:41.703,166.0,False,False,14,False,
723,SJ197,3,21,20260417,2026-04-17 14:49:41.703,2026-04-17 17:33:41.703,164.0,False,False,14,False,
724,SJ198,3,12,20260420,2026-04-20 00:47:41.703,2026-04-20 05:28:41.703,281.0,False,True,0,False,
725,SJ199,3,22,20260419,2026-04-19 11:29:41.703,2026-04-19 13:59:41.703,150.0,False,False,11,False,
726,SJ200,3,8,20260418,2026-04-18 23:24:41.703,2026-04-19 02:11:41.703,167.0,True,True,23,False,
727,SJ201,3,3,20260419,2026-04-19 09:10:41.703,2026-04-19 11:12:41.703,122.0,False,False,9,False,
728,SJ202,3,14,20260420,2026-04-20 17:21:41.703,2026-04-20 19:08:41.703,107.0,False,False,17,False,
729,SJ203,4,19,20260419,2026-04-19 16:22:41.703,2026-04-19 18:27:41.703,125.0,False,False,16,False,
730,SJ204,3,13,20260419,2026-04-19 16:34:41.703,2026-04-19 18:15:41.703,101.0,False,False,16,False,
731,SJ205,3,23,20260420,2026-04-20 21:56:41.703,2026-04-20 23:00:41.703,64.0,False,False,21,False,
732,SJ206,3,18,20260419,2026-04-19 20:43:41.703,2026-04-20 01:21:41.703,278.0,True,False,20,False,
733,SJ207,3,18,20260420,2026-04-20 00:52:41.703,2026-04-20 04:05:41.703,193.0,False,True,0,False,
734,SJ208,3,19,20260419,2026-04-19 18:32:41.703,2026-04-19 19:33:41.703,61.0,False,False,18,False,
735,SJ209,3,1,20260418,2026-04-18 22:22:41.703,2026-04-19 02:03:41.703,221.0,True,True,22,False,
736,SJ210,3,23,20260418,2026-04-18 23:21:41.703,2026-04-19 02:54:41.703,213.0,True,True,23,False,
737,SJ211,3,27,20260418,2026-04-18 16:22:41.703,2026-04-18 18:34:41.703,132.0,False,False,16,False,
738,SJ212,4,26,20260417,2026-04-17 19:49:41.703,2026-04-17 21:44:41.703,115.0,False,False,19,False,
739,SJ213,3,7,20260419,2026-04-19 01:19:41.703,2026-04-19 04:48:41.703,209.0,False,True,1,False,
740,SJ214,3,10,20260420,2026-04-20 20:54:41.703,2026-04-20 22:10:41.703,76.0,False,False,20,False,
741,SJ215,3,13,20260419,2026-04-19 14:37:41.703,2026-04-19 16:12:41.703,95.0,False,False,14,False,
742,SJ216,3,7,20260418,2026-04-18 18:35:41.703,2026-04-18 21:31:41.703,176.0,False,False,18,False,
743,SJ217,3,7,20260419,2026-04-19 02:57:41.703,2026-04-19 06:04:41.703,187.0,False,True,2,False,
744,SJ218,3,19,20260420,2026-04-20 11:58:41.703,2026-04-20 15:03:41.703,185.0,False,False,11,False,
745,SJ219,3,8,20260418,2026-04-18 09:32:41.703,2026-04-18 14:09:41.703,277.0,False,False,9,False,
746,SJ220,3,7,20260418,2026-04-18 13:45:41.703,2026-04-18 15:21:41.703,96.0,False,False,13,False,
747,SJ221,3,30,20260419,2026-04-19 18:31:41.703,2026-04-19 23:17:41.703,286.0,False,False,18,False,
748,SJ222,3,8,20260420,2026-04-20 14:15:41.703,2026-04-20 17:09:41.703,174.0,False,False,14,False,
749,SJ223,3,25,20260417,2026-04-17 23:54:41.703,2026-04-18 01:08:41.703,74.0,True,True,23,False,
750,SJ224,3,20,20260418,2026-04-18 12:41:41.703,2026-04-18 15:33:41.703,172.0,False,False,12,False,
751,SJ225,4,19,20260418,2026-04-18 18:16:41.704,2026-04-18 20:53:41.704,157.0,False,False,18,False,
752,SJ226,3,22,20260420,2026-04-20 08:47:41.704,2026-04-20 12:54:41.704,247.0,False,False,8,False,
753,SJ227,3,7,20260420,2026-04-20 08:32:41.704,2026-04-20 12:53:41.704,261.0,False,False,8,False,
754,SJ228,3,7,20260420,2026-04-20 08:29:41.704,2026-04-20 12:16:41.704,227.0,False,False,8,False,
755,SJ229,3,13,20260417,2026-04-17 22:25:41.704,2026-04-18 00:27:41.704,122.0,True,True,22,False,
756,SJ230,3,7,20260418,2026-04-18 06:22:41.704,2026-04-18 10:57:41.704,275.0,False,False,6,False,
757,SJ231,3,16,20260418,2026-04-18 04:23:41.704,2026-04-18 05:48:41.704,85.0,False,True,4,False,
758,SJ232,3,26,20260417,2026-04-17 15:02:41.704,2026-04-17 19:22:41.704,260.0,False,False,15,False,
759,SJ233,3,19,20260418,2026-04-18 01:18:41.704,2026-04-18 02:56:41.704,98.0,False,True,1,False,
760,SJ234,3,2,20260419,2026-04-19 04:20:41.704,2026-04-19 06:23:41.704,123.0,False,True,4,False,
761,SJ235,3,8,20260420,2026-04-20 09:57:41.704,2026-04-20 13:45:41.704,228.0,False,False,9,False,
762,SJ236,3,27,20260420,2026-04-20 18:03:41.704,2026-04-20 22:02:41.704,239.0,False,False,18,False,
763,SJ237,3,7,20260420,2026-04-20 16:32:41.704,2026-04-20 19:00:41.704,148.0,False,False,16,False,
764,SJ238,3,26,20260419,2026-04-19 11:41:41.704,2026-04-19 15:39:41.704,238.0,False,False,11,False,
765,SJ239,3,7,20260420,2026-04-20 22:24:41.704,2026-04-21 00:10:41.704,106.0,True,True,22,False,
766,SJ240,3,9,20260417,2026-04-17 16:42:41.704,2026-04-17 20:21:41.704,219.0,False,False,16,False,
767,SJ241,3,19,20260419,2026-04-19 03:57:41.704,2026-04-19 06:36:41.704,159.0,False,True,3,False,
768,SJ242,3,4,20260418,2026-04-18 14:55:41.704,2026-04-18 17:42:41.704,167.0,False,False,14,False,
769,SJ243,3,3,20260419,2026-04-19 18:17:41.704,2026-04-19 23:03:41.704,286.0,False,False,18,False,
770,SJ244,3,3,20260417,2026-04-17 13:51:41.704,2026-04-17 15:39:41.704,108.0,False,False,13,False,
771,SJ245,3,8,20260419,2026-04-19 06:07:41.704,2026-04-19 09:39:41.704,212.0,False,False,6,False,
772,SJ246,3,8,20260419,2026-04-19 02:47:41.704,2026-04-19 03:47:42.000,60.0,False,True,2,False,
773,SJ247,3,17,20260418,2026-04-18 23:38:41.704,2026-04-19 03:43:41.704,245.0,True,True,23,False,
774,UK001,5,13,20260420,2026-04-20 05:06:41.700,2026-04-20 06:31:41.700,85.0,False,False,5,False,
775,UK002,5,15,20260417,2026-04-17 14:28:41.700,2026-04-17 19:20:41.700,292.0,False,False,14,False,
776,UK003,4,24,20260420,2026-04-20 21:41:41.700,2026-04-21 02:19:41.700,278.0,True,False,21,False,
777,UK004,5,7,20260420,2026-04-20 17:56:41.700,2026-04-20 18:30:41.700,34.0,False,False,17,False,
778,UK005,5,10,20260417,2026-04-17 14:02:41.701,2026-04-17 18:14:41.701,252.0,False,False,14,False,
779,UK006,5,28,20260418,2026-04-18 20:16:41.701,2026-04-18 21:55:41.701,99.0,False,False,20,False,
780,UK007,5,19,20260419,2026-04-19 18:50:41.701,2026-04-19 21:04:41.701,134.0,False,False,18,False,
781,UK008,5,11,20260420,2026-04-20 03:57:41.701,2026-04-20 04:34:41.701,37.0,False,True,3,False,
782,UK009,5,8,20260418,2026-04-18 11:34:41.701,2026-04-18 13:41:41.701,127.0,False,False,11,False,
783,UK010,5,30,20260420,2026-04-20 17:53:41.701,2026-04-20 20:40:41.701,167.0,False,False,17,False,
784,UK011,5,13,20260418,2026-04-18 04:41:41.701,2026-04-18 06:25:41.701,104.0,False,True,4,False,
785,UK012,5,27,20260418,2026-04-18 22:16:41.701,2026-04-19 00:25:41.701,129.0,True,True,22,False,
786,UK013,5,10,20260418,2026-04-18 23:52:41.701,2026-04-19 02:52:41.701,180.0,True,True,23,False,
787,UK014,5,25,20260417,2026-04-17 20:41:41.701,2026-04-17 22:06:41.701,85.0,False,False,20,False,
788,UK015,5,1,20260420,2026-04-20 04:46:41.701,2026-04-20 06:33:41.701,107.0,False,True,4,False,
789,UK016,5,18,20260418,2026-04-18 10:42:41.701,2026-04-18 11:22:41.701,40.0,False,False,10,False,
790,UK017,5,4,20260420,2026-04-20 13:14:41.701,2026-04-20 14:49:41.701,95.0,False,False,13,False,
791,UK018,5,7,20260418,2026-04-18 02:15:41.701,2026-04-18 04:08:41.701,113.0,False,True,2,False,
792,UK019,5,9,20260418,2026-04-18 03:41:41.701,2026-04-18 04:35:41.701,54.0,False,True,3,False,
793,UK020,5,26,20260419,2026-04-19 21:23:41.701,2026-04-19 22:38:41.701,75.0,False,False,21,False,
794,UK021,5,25,20260420,2026-04-20 22:00:41.701,2026-04-20 23:50:41.701,110.0,False,True,22,False,
795,UK022,5,19,20260419,2026-04-19 06:22:41.701,2026-04-19 10:59:41.701,277.0,False,False,6,False,
796,UK023,5,20,20260419,2026-04-19 14:15:41.701,2026-04-19 19:03:41.701,288.0,False,False,14,False,
797,UK024,5,26,20260419,2026-04-19 08:29:41.701,2026-04-19 13:29:41.701,300.0,False,False,8,False,
798,UK025,5,17,20260417,2026-04-17 22:55:41.701,2026-04-18 02:47:41.701,232.0,True,True,22,False,
799,UK026,5,25,20260420,2026-04-20 21:38:41.701,2026-04-20 23:44:41.701,126.0,False,False,21,False,
800,UK027,5,7,20260420,2026-04-20 22:44:41.701,2026-04-21 01:05:41.701,141.0,True,True,22,False,
801,UK028,5,25,20260419,2026-04-19 09:02:41.701,2026-04-19 10:37:41.701,95.0,False,False,9,False,
802,UK029,5,17,20260418,2026-04-18 23:26:41.701,2026-04-19 02:15:41.701,169.0,True,True,23,False,
803,UK030,5,13,20260417,2026-04-17 15:11:41.701,2026-04-17 19:38:41.701,267.0,False,False,15,False,
804,UK031,5,13,20260419,2026-04-19 03:45:41.701,2026-04-19 07:20:41.701,215.0,False,True,3,False,
805,UK032,5,1,20260418,2026-04-18 03:31:41.701,2026-04-18 07:28:41.701,237.0,False,True,3,False,
806,UK033,5,24,20260418,2026-04-18 04:34:41.701,2026-04-18 09:18:41.701,284.0,False,True,4,False,
807,UK034,5,16,20260420,2026-04-20 06:47:41.701,2026-04-20 10:11:41.701,204.0,False,False,6,False,
808,UK035,5,22,20260418,2026-04-18 21:08:41.701,2026-04-18 22:24:41.701,76.0,False,False,21,False,
809,UK036,5,11,20260420,2026-04-20 19:48:41.701,2026-04-21 00:12:41.701,264.0,True,False,19,False,
810,UK037,5,1,20260419,2026-04-19 01:10:41.701,2026-04-19 05:12:41.701,242.0,False,True,1,False,
811,UK038,5,28,20260418,2026-04-18 12:22:41.701,2026-04-18 15:31:41.701,189.0,False,False,12,False,
812,UK039,5,22,20260418,2026-04-18 01:40:41.701,2026-04-18 02:53:41.701,73.0,False,True,1,False,
813,UK040,5,23,20260420,2026-04-20 09:15:41.701,2026-04-20 10:32:41.701,77.0,False,False,9,False,
814,UK041,5,25,20260419,2026-04-19 22:37:41.701,2026-04-19 23:44:41.701,67.0,False,True,22,False,
815,UK042,5,27,20260418,2026-04-18 20:59:41.701,2026-04-19 01:38:41.701,279.0,True,False,20,False,
816,UK043,4,19,20260418,2026-04-18 00:48:41.701,2026-04-18 04:52:41.701,244.0,False,True,0,False,
817,UK044,5,1,20260419,2026-04-19 20:31:41.701,2026-04-19 23:29:41.701,178.0,False,False,20,False,
818,UK045,5,30,20260418,2026-04-18 07:43:41.701,2026-04-18 09:28:41.701,105.0,False,False,7,False,
819,UK046,5,13,20260419,2026-04-19 03:37:41.701,2026-04-19 06:05:41.701,148.0,False,True,3,False,
820,UK047,5,4,20260419,2026-04-19 18:40:41.701,2026-04-19 22:45:41.701,245.0,False,False,18,False,
821,UK048,5,29,20260419,2026-04-19 13:36:41.701,2026-04-19 18:21:41.701,285.0,False,False,13,False,
822,UK049,5,22,20260417,2026-04-17 19:47:41.701,2026-04-17 20:32:41.701,45.0,False,False,19,False,
823,UK050,5,8,20260418,2026-04-18 12:39:41.701,2026-04-18 13:18:41.701,39.0,False,False,12,False,
824,UK051,5,24,20260420,2026-04-20 03:55:41.701,2026-04-20 06:55:41.701,180.0,False,True,3,False,
825,UK052,5,2,20260417,2026-04-17 20:48:41.701,2026-04-17 21:40:41.701,52.0,False,False,20,False,
826,UK053,5,1,20260417,2026-04-17 23:56:41.701,2026-04-18 02:46:41.701,170.0,True,True,23,False,
827,UK054,5,1,20260418,2026-04-18 00:37:41.701,2026-04-18 05:30:41.701,293.0,False,True,0,False,
828,UK055,5,24,20260420,2026-04-20 16:48:41.701,2026-04-20 19:31:41.701,163.0,False,False,16,False,
829,UK056,5,25,20260419,2026-04-19 09:29:41.701,2026-04-19 10:15:41.701,46.0,False,False,9,False,
830,UK057,5,13,20260418,2026-04-18 15:25:41.701,2026-04-18 20:04:41.701,279.0,False,False,15,False,
831,UK058,5,27,20260419,2026-04-19 13:46:41.701,2026-04-19 17:04:41.701,198.0,False,False,13,False,
832,UK059,5,25,20260420,2026-04-20 20:33:41.701,2026-04-20 22:10:41.701,97.0,False,False,20,False,
833,UK060,5,2,20260418,2026-04-18 16:09:41.701,2026-04-18 19:42:41.701,213.0,False,False,16,False,
834,UK061,5,1,20260419,2026-04-19 17:58:41.701,2026-04-19 19:48:41.701,110.0,False,False,17,False,
835,UK062,5,24,20260417,2026-04-17 12:33:41.701,2026-04-17 15:35:41.701,182.0,False,False,12,False,
836,UK063,5,17,20260420,2026-04-20 16:29:41.701,2026-04-20 17:41:41.701,72.0,False,False,16,False,
837,UK064,5,8,20260417,2026-04-17 12:25:41.701,2026-04-17 14:55:41.701,150.0,False,False,12,False,
838,UK065,5,7,20260419,2026-04-19 09:38:41.701,2026-04-19 13:46:41.701,248.0,False,False,9,False,
839,UK066,5,7,20260419,2026-04-19 10:29:41.701,2026-04-19 12:07:41.701,98.0,False,False,10,False,
840,UK067,5,7,20260420,2026-04-20 21:36:41.701,2026-04-21 01:02:41.701,206.0,True,False,21,False,
841,UK068,5,5,20260420,2026-04-20 16:28:41.701,2026-04-20 18:09:41.701,101.0,False,False,16,False,
842,UK069,5,13,20260419,2026-04-19 01:10:41.701,2026-04-19 03:23:41.701,133.0,False,True,1,False,
843,UK070,5,8,20260419,2026-04-19 04:36:41.701,2026-04-19 06:49:41.701,133.0,False,True,4,False,
844,UK071,5,19,20260420,2026-04-20 10:50:41.701,2026-04-20 14:06:41.701,196.0,False,False,10,False,
845,UK072,5,6,20260418,2026-04-18 02:55:41.702,2026-04-18 05:55:42.000,180.0,False,True,2,False,
846,UK073,5,2,20260420,2026-04-20 03:59:41.702,2026-04-20 08:09:41.702,250.0,False,True,3,False,
847,UK074,5,8,20260420,2026-04-20 16:44:41.702,2026-04-20 18:41:41.702,117.0,False,False,16,False,
848,UK075,5,28,20260418,2026-04-18 23:15:41.702,2026-04-19 03:54:41.702,279.0,True,True,23,False,
849,UK076,5,28,20260420,2026-04-20 08:03:41.702,2026-04-20 12:26:41.702,263.0,False,False,8,False,
850,UK077,4,22,20260420,2026-04-20 16:22:41.702,2026-04-20 18:00:41.702,98.0,False,False,16,False,
851,UK078,5,9,20260418,2026-04-18 01:03:41.702,2026-04-18 04:32:41.702,209.0,False,True,1,False,
852,UK079,5,16,20260420,2026-04-20 06:43:41.702,2026-04-20 10:34:41.702,231.0,False,False,6,False,
853,UK080,5,5,20260417,2026-04-17 21:09:41.702,2026-04-17 22:29:41.702,80.0,False,False,21,False,
854,UK081,4,3,20260418,2026-04-18 22:00:41.702,2026-04-18 23:00:41.702,60.0,False,True,22,False,
855,UK082,5,17,20260418,2026-04-18 16:50:41.702,2026-04-18 21:21:41.702,271.0,False,False,16,False,
856,UK083,5,19,20260420,2026-04-20 14:10:41.702,2026-04-20 14:59:41.702,49.0,False,False,14,False,
857,UK084,5,29,20260419,2026-04-19 20:44:41.702,2026-04-20 00:20:41.702,216.0,True,False,20,False,
858,UK085,5,29,20260419,2026-04-19 02:15:41.702,2026-04-19 03:17:41.702,62.0,False,True,2,False,
859,UK086,5,11,20260417,2026-04-17 23:55:41.702,2026-04-18 02:27:41.702,152.0,True,True,23,False,
860,UK087,5,25,20260420,2026-04-20 09:49:41.702,2026-04-20 13:17:41.702,208.0,False,False,9,False,
861,UK088,4,26,20260418,2026-04-18 19:16:41.702,2026-04-18 23:36:41.702,260.0,False,False,19,False,
862,UK089,5,9,20260420,2026-04-20 15:38:41.702,2026-04-20 19:50:41.702,252.0,False,False,15,False,
863,UK090,5,25,20260417,2026-04-17 14:44:41.702,2026-04-17 17:24:41.702,160.0,False,False,14,False,
864,UK091,5,12,20260417,2026-04-17 13:37:41.702,2026-04-17 17:31:41.702,234.0,False,False,13,False,
865,UK092,5,26,20260418,2026-04-18 11:42:41.702,2026-04-18 13:17:41.702,95.0,False,False,11,False,
866,UK093,5,23,20260420,2026-04-20 04:31:41.702,2026-04-20 05:21:41.702,50.0,False,True,4,False,
867,UK094,5,7,20260420,2026-04-20 23:26:41.702,2026-04-21 01:11:41.702,105.0,True,True,23,False,
868,UK095,5,10,20260419,2026-04-19 05:22:41.702,2026-04-19 07:36:41.702,134.0,False,False,5,False,
869,UK096,5,4,20260418,2026-04-18 22:11:41.702,2026-04-19 00:06:41.702,115.0,True,True,22,False,
870,UK097,5,22,20260419,2026-04-19 00:49:41.702,2026-04-19 05:00:41.702,251.0,False,True,0,False,
871,UK098,5,13,20260418,2026-04-18 13:38:41.702,2026-04-18 17:54:41.702,256.0,False,False,13,False,
872,UK099,5,10,20260419,2026-04-19 06:16:41.702,2026-04-19 10:24:41.702,248.0,False,False,6,False,
873,UK100,5,11,20260420,2026-04-20 04:40:41.702,2026-04-20 07:12:41.702,152.0,False,True,4,False,
874,UK101,5,19,20260417,2026-04-17 15:00:41.702,2026-04-17 17:43:41.702,163.0,False,False,15,False,
875,UK102,5,23,20260419,2026-04-19 11:58:41.702,2026-04-19 14:01:41.702,123.0,False,False,11,False,
876,UK103,5,29,20260417,2026-04-17 21:52:41.702,2026-04-18 01:06:41.702,194.0,True,False,21,False,
877,UK104,5,17,20260420,2026-04-20 12:30:41.702,2026-04-20 13:52:41.702,82.0,False,False,12,False,
878,UK105,5,14,20260419,2026-04-19 17:04:41.702,2026-04-19 18:11:41.702,67.0,False,False,17,False,
879,UK106,5,7,20260417,2026-04-17 15:12:41.702,2026-04-17 17:23:41.702,131.0,False,False,15,False,
880,UK107,5,22,20260417,2026-04-17 13:09:41.702,2026-04-17 14:25:41.702,76.0,False,False,13,False,
881,UK108,5,16,20260418,2026-04-18 00:28:41.702,2026-04-18 03:46:41.702,198.0,False,True,0,False,
882,UK109,5,1,20260420,2026-04-20 16:06:41.702,2026-04-20 17:06:42.000,60.0,False,False,16,False,
883,UK110,5,24,20260419,2026-04-19 15:26:41.702,2026-04-19 20:13:41.702,287.0,False,False,15,False,
884,UK111,5,26,20260419,2026-04-19 11:06:41.702,2026-04-19 12:20:41.702,74.0,False,False,11,False,
885,UK112,4,13,20260418,2026-04-18 17:05:41.702,2026-04-18 19:47:41.702,162.0,False,False,17,False,
886,UK113,5,13,20260419,2026-04-19 18:34:41.702,2026-04-19 22:58:41.702,264.0,False,False,18,False,
887,UK114,5,23,20260417,2026-04-17 22:10:41.702,2026-04-17 23:58:41.702,108.0,False,True,22,False,
888,UK115,5,1,20260419,2026-04-19 11:20:41.702,2026-04-19 13:20:42.000,120.0,False,False,11,False,
889,UK116,5,12,20260420,2026-04-20 03:18:41.702,2026-04-20 07:06:41.702,228.0,False,True,3,False,
890,UK117,5,1,20260418,2026-04-18 13:17:41.702,2026-04-18 16:54:41.702,217.0,False,False,13,False,
891,UK118,5,21,20260419,2026-04-19 06:22:41.702,2026-04-19 07:22:42.000,60.0,False,False,6,False,
892,UK119,5,7,20260419,2026-04-19 00:21:41.702,2026-04-19 04:38:41.702,257.0,False,True,0,False,
893,UK120,5,24,20260420,2026-04-20 09:19:41.702,2026-04-20 13:30:41.702,251.0,False,False,9,False,
894,UK121,5,1,20260418,2026-04-18 08:36:41.702,2026-04-18 12:36:41.702,240.0,False,False,8,False,
895,UK122,5,23,20260418,2026-04-18 20:29:42.000,2026-04-18 23:29:42.000,180.0,False,False,20,False,
896,UK123,5,8,20260419,2026-04-19 17:24:41.702,2026-04-19 20:18:41.702,174.0,False,False,17,False,
897,UK124,5,26,20260417,2026-04-17 14:35:41.702,2026-04-17 17:09:41.702,154.0,False,False,14,False,
898,UK125,5,22,20260418,2026-04-18 06:58:41.702,2026-04-18 11:44:41.702,286.0,False,False,6,False,
899,UK126,5,13,20260418,2026-04-18 22:37:41.702,2026-04-19 00:03:41.702,86.0,True,True,22,False,
900,UK127,5,9,20260418,2026-04-18 15:56:41.702,2026-04-18 20:00:41.702,244.0,False,False,15,False,
901,UK128,5,7,20260418,2026-04-18 11:22:41.702,2026-04-18 14:11:41.702,169.0,False,False,11,False,
902,UK129,5,25,20260418,2026-04-18 06:29:41.702,2026-04-18 07:29:42.000,60.0,False,False,6,False,
903,UK130,5,26,20260419,2026-04-19 15:36:41.702,2026-04-19 19:43:41.702,247.0,False,False,15,False,
904,UK131,5,8,20260420,2026-04-20 15:33:41.702,2026-04-20 19:39:41.702,246.0,False,False,15,False,
905,UK132,5,8,20260417,2026-04-17 14:12:41.702,2026-04-17 16:19:41.702,127.0,False,False,14,False,
906,UK133,5,8,20260420,2026-04-20 10:04:41.702,2026-04-20 13:16:41.702,192.0,False,False,10,False,
907,UK134,5,23,20260420,2026-04-20 13:44:41.702,2026-04-20 17:26:41.702,222.0,False,False,13,False,
908,UK135,5,24,20260419,2026-04-19 23:50:41.702,2026-04-20 01:43:41.702,113.0,True,True,23,False,
909,UK136,5,23,20260419,2026-04-19 11:43:41.703,2026-04-19 15:26:41.703,223.0,False,False,11,False,
910,UK137,5,10,20260418,2026-04-18 07:04:41.703,2026-04-18 09:14:41.703,130.0,False,False,7,False,
911,UK138,5,16,20260418,2026-04-18 16:47:41.703,2026-04-18 19:36:41.703,169.0,False,False,16,False,
912,UK139,4,5,20260418,2026-04-18 10:54:41.703,2026-04-18 14:31:41.703,217.0,False,False,10,False,
913,UK140,5,26,20260420,2026-04-20 19:37:41.703,2026-04-20 21:00:41.703,83.0,False,False,19,False,
914,UK141,4,25,20260420,2026-04-20 13:38:41.703,2026-04-20 15:59:41.703,141.0,False,False,13,False,
915,UK142,5,3,20260419,2026-04-19 03:03:41.703,2026-04-19 07:13:41.703,250.0,False,True,3,False,
916,UK143,5,1,20260419,2026-04-19 01:34:41.703,2026-04-19 02:48:41.703,74.0,False,True,1,False,
917,UK144,5,7,20260417,2026-04-17 18:07:41.703,2026-04-17 20:59:41.703,172.0,False,False,18,False,
918,UK145,5,9,20260420,2026-04-20 18:30:41.703,2026-04-20 20:41:41.703,131.0,False,False,18,False,
919,UK146,5,10,20260419,2026-04-19 21:40:41.703,2026-04-20 00:08:41.703,148.0,True,False,21,False,
920,UK147,5,13,20260417,2026-04-17 23:35:41.703,2026-04-18 02:55:41.703,200.0,True,True,23,False,
921,UK148,5,22,20260417,2026-04-17 16:31:41.703,2026-04-17 18:43:41.703,132.0,False,False,16,False,
922,UK149,5,29,20260419,2026-04-19 18:22:41.703,2026-04-19 23:08:41.703,286.0,False,False,18,False,
923,UK150,5,18,20260420,2026-04-20 18:31:41.703,2026-04-20 19:01:41.703,30.0,False,False,18,False,
924,UK151,4,7,20260418,2026-04-18 10:11:41.703,2026-04-18 13:30:41.703,199.0,False,False,10,False,
925,UK152,5,7,20260420,2026-04-20 17:24:41.703,2026-04-20 20:13:41.703,169.0,False,False,17,False,
926,UK153,5,14,20260420,2026-04-20 16:52:41.703,2026-04-20 20:53:41.703,241.0,False,False,16,False,
927,UK154,5,30,20260420,2026-04-20 04:00:41.703,2026-04-20 07:57:41.703,237.0,False,True,4,False,
928,UK155,5,30,20260419,2026-04-19 14:34:41.703,2026-04-19 18:37:41.703,243.0,False,False,14,False,
929,UK156,5,26,20260420,2026-04-20 11:50:41.703,2026-04-20 15:54:41.703,244.0,False,False,11,False,
930,UK157,5,12,20260419,2026-04-19 02:41:41.703,2026-04-19 03:41:42.000,60.0,False,True,2,False,
931,UK158,5,10,20260419,2026-04-19 20:49:41.703,2026-04-19 21:22:41.703,33.0,False,False,20,False,
932,UK159,5,11,20260419,2026-04-19 20:45:41.703,2026-04-19 23:32:41.703,167.0,False,False,20,False,
933,UK160,5,1,20260418,2026-04-18 06:42:41.703,2026-04-18 10:58:41.703,256.0,False,False,6,False,
934,UK161,5,1,20260418,2026-04-18 10:05:41.703,2026-04-18 12:48:41.703,163.0,False,False,10,False,
935,UK162,5,7,20260417,2026-04-17 22:47:41.703,2026-04-18 00:21:41.703,94.0,True,True,22,False,
936,UK163,5,19,20260419,2026-04-19 07:22:41.703,2026-04-19 09:04:41.703,102.0,False,False,7,False,
937,UK164,5,9,20260419,2026-04-19 16:46:41.703,2026-04-19 21:10:41.703,264.0,False,False,16,False,
938,UK165,5,16,20260420,2026-04-20 01:51:41.703,2026-04-20 06:04:41.703,253.0,False,True,1,False,
939,UK166,5,25,20260420,2026-04-20 12:39:41.703,2026-04-20 17:32:41.703,293.0,False,False,12,False,
940,UK167,5,20,20260420,2026-04-20 22:45:41.703,2026-04-21 01:46:41.703,181.0,True,True,22,False,
941,UK168,5,2,20260419,2026-04-19 03:20:41.703,2026-04-19 04:09:41.703,49.0,False,True,3,False,
942,UK169,5,24,20260417,2026-04-17 18:12:41.703,2026-04-17 23:01:41.703,289.0,False,False,18,False,
943,UK170,5,6,20260420,2026-04-20 09:42:41.703,2026-04-20 11:32:41.703,110.0,False,False,9,False,
944,UK171,5,23,20260417,2026-04-17 19:59:41.703,2026-04-17 22:53:41.703,174.0,False,False,19,False,
945,UK172,5,17,20260419,2026-04-19 02:20:41.703,2026-04-19 05:21:41.703,181.0,False,True,2,False,
946,UK173,5,26,20260420,2026-04-20 17:06:41.703,2026-04-20 21:22:41.703,256.0,False,False,17,False,
947,UK174,5,13,20260419,2026-04-19 05:27:41.703,2026-04-19 07:47:41.703,140.0,False,False,5,False,
948,UK175,5,1,20260419,2026-04-19 23:56:41.703,2026-04-20 03:18:41.703,202.0,True,True,23,False,
949,UK176,5,21,20260420,2026-04-20 18:41:41.703,2026-04-20 22:49:41.703,248.0,False,False,18,False,
950,UK177,5,19,20260420,2026-04-20 06:21:41.703,2026-04-20 10:50:41.703,269.0,False,False,6,False,
951,UK178,5,16,20260417,2026-04-17 23:41:41.703,2026-04-18 04:09:41.703,268.0,True,True,23,False,
952,UK179,5,19,20260419,2026-04-19 14:25:41.703,2026-04-19 19:15:41.703,290.0,False,False,14,False,
953,UK180,5,15,20260417,2026-04-17 21:18:41.703,2026-04-17 23:29:41.703,131.0,False,False,21,False,
954,UK181,5,29,20260420,2026-04-20 16:44:41.703,2026-04-20 19:26:41.703,162.0,False,False,16,False,
955,UK182,5,23,20260418,2026-04-18 14:19:41.703,2026-04-18 18:25:41.703,246.0,False,False,14,False,
956,UK183,5,2,20260419,2026-04-19 17:07:41.703,2026-04-19 18:30:41.703,83.0,False,False,17,False,
957,UK184,5,30,20260419,2026-04-19 10:49:41.703,2026-04-19 13:00:41.703,131.0,False,False,10,False,
958,UK185,5,20,20260420,2026-04-20 07:31:41.703,2026-04-20 08:48:41.703,77.0,False,False,7,False,
959,UK186,5,6,20260417,2026-04-17 23:05:41.703,2026-04-18 02:22:41.703,197.0,True,True,23,False,
960,UK187,5,1,20260420,2026-04-20 16:52:41.703,2026-04-20 18:42:41.703,110.0,False,False,16,False,
961,UK188,5,26,20260420,2026-04-20 02:55:41.703,2026-04-20 03:44:41.703,49.0,False,True,2,False,
962,UK189,5,5,20260420,2026-04-20 15:07:41.703,2026-04-20 18:51:41.703,224.0,False,False,15,False,
963,UK190,5,16,20260419,2026-04-19 15:49:41.703,2026-04-19 18:53:41.703,184.0,False,False,15,False,
964,UK191,5,26,20260418,2026-04-18 21:51:41.703,2026-04-18 22:57:41.703,66.0,False,False,21,False,
965,UK192,5,24,20260418,2026-04-18 12:54:41.703,2026-04-18 13:54:42.000,60.0,False,False,12,False,
966,UK193,5,24,20260420,2026-04-20 08:39:41.703,2026-04-20 09:14:41.703,35.0,False,False,8,False,
967,UK194,5,12,20260420,2026-04-20 08:26:41.703,2026-04-20 09:26:42.000,60.0,False,False,8,False,
968,UK195,5,22,20260417,2026-04-17 13:35:41.703,2026-04-17 16:35:41.703,180.0,False,False,13,False,
969,UK196,5,9,20260419,2026-04-19 00:32:41.703,2026-04-19 04:49:41.703,257.0,False,True,0,False,
970,UK197,5,4,20260418,2026-04-18 09:22:41.703,2026-04-18 10:54:41.703,92.0,False,False,9,False,
971,UK198,5,16,20260418,2026-04-18 16:43:41.703,2026-04-18 18:18:41.703,95.0,False,False,16,False,
972,UK199,5,7,20260417,2026-04-17 15:24:41.703,2026-04-17 18:55:41.703,211.0,False,False,15,False,
973,UK200,5,13,20260420,2026-04-20 20:54:41.703,2026-04-20 22:45:41.703,111.0,False,False,20,False,
974,UK201,5,22,20260419,2026-04-19 04:29:41.703,2026-04-19 06:42:41.703,133.0,False,True,4,False,
975,UK202,5,19,20260419,2026-04-19 01:11:41.703,2026-04-19 05:37:41.703,266.0,False,True,1,False,
976,UK203,5,4,20260420,2026-04-20 04:12:41.703,2026-04-20 05:24:41.703,72.0,False,True,4,False,
977,UK204,5,3,20260419,2026-04-19 14:46:41.703,2026-04-19 16:24:41.703,98.0,False,False,14,False,
978,UK205,5,25,20260417,2026-04-17 18:57:41.703,2026-04-17 21:46:41.703,169.0,False,False,18,False,
979,UK206,5,26,20260420,2026-04-20 06:01:41.703,2026-04-20 10:34:41.703,273.0,False,False,6,False,
980,UK207,5,28,20260420,2026-04-20 16:21:41.703,2026-04-20 17:36:41.703,75.0,False,False,16,False,
981,UK208,5,18,20260420,2026-04-20 03:54:41.704,2026-04-20 08:51:41.704,297.0,False,True,3,False,
982,UK209,4,26,20260420,2026-04-20 19:02:41.704,2026-04-20 21:47:41.704,165.0,False,False,19,False,
983,UK210,5,18,20260420,2026-04-20 06:35:41.704,2026-04-20 07:30:41.704,55.0,False,False,6,False,
984,UK211,5,28,20260418,2026-04-18 20:39:41.704,2026-04-18 22:02:41.704,83.0,False,False,20,False,
985,UK212,5,25,20260420,2026-04-20 10:46:41.704,2026-04-20 11:31:41.704,45.0,False,False,10,False,
986,UK213,5,7,20260417,2026-04-17 23:21:41.704,2026-04-18 01:01:41.704,100.0,True,True,23,False,
987,UK214,5,24,20260418,2026-04-18 05:30:41.704,2026-04-18 09:10:41.704,220.0,False,False,5,False,
988,UK215,5,8,20260420,2026-04-20 17:38:41.704,2026-04-20 19:50:41.704,132.0,False,False,17,False,
989,UK216,5,30,20260420,2026-04-20 18:33:41.704,2026-04-20 21:47:41.704,194.0,False,False,18,False,
990,UK217,5,28,20260417,2026-04-17 21:19:41.704,2026-04-17 22:14:41.704,55.0,False,False,21,False,
991,UK218,5,26,20260419,2026-04-19 03:12:41.704,2026-04-19 07:22:41.704,250.0,False,True,3,False,
992,UK219,5,9,20260419,2026-04-19 22:03:41.704,2026-04-20 02:21:41.704,258.0,True,True,22,False,
993,UK220,5,1,20260419,2026-04-19 09:51:41.704,2026-04-19 13:25:41.704,214.0,False,False,9,False,
994,UK221,5,13,20260419,2026-04-19 14:18:41.704,2026-04-19 18:44:41.704,266.0,False,False,14,False,
995,UK222,5,7,20260420,2026-04-20 01:22:41.704,2026-04-20 02:57:41.704,95.0,False,True,1,False,
996,UK223,5,13,20260419,2026-04-19 21:58:41.704,2026-04-19 22:30:41.704,32.0,False,False,21,False,
997,UK224,4,15,20260420,2026-04-20 16:25:41.704,2026-04-20 20:24:41.704,239.0,False,False,16,False,
998,UK225,5,26,20260419,2026-04-19 12:46:41.704,2026-04-19 15:02:41.704,136.0,False,False,12,False,
999,UK226,5,30,20260418,2026-04-18 03:58:41.704,2026-04-18 05:01:41.704,63.0,False,True,3,False,
1000,UK227,5,9,20260419,2026-04-19 21:57:41.704,2026-04-20 01:47:41.704,230.0,True,False,21,False,
1001,UK228,5,20,20260420,2026-04-20 11:58:41.704,2026-04-20 15:08:41.704,190.0,False,False,11,False,
1002,UK229,4,24,20260420,2026-04-20 07:40:41.704,2026-04-20 11:57:41.704,257.0,False,False,7,False,
1003,UK230,5,1,20260417,2026-04-17 20:02:41.704,2026-04-17 21:35:41.704,93.0,False,False,20,False,
